ResI,dfi,pctdfi,ChainID,Res,R
1,0.002640874097701357,0.9405487804878049, ,LYS,K
2,0.0022992611803384112,0.9024390243902439, ,PRO,P
3,0.002293309024807818,0.899390243902439, ,VAL,V
4,0.0023961185906179305,0.9176829268292683, ,THR,T
5,0.002629525570641201,0.9359756097560976, ,LEU,L
6,0.003530787259885912,0.9542682926829268, ,TYR,Y
7,0.0033482194631027293,0.9496951219512195, ,ASP,D
8,0.003154151460685321,0.948170731707317, ,VAL,V
9,0.003941087270021536,0.9603658536585366, ,ALA,A
10,0.004400216750850058,0.9710365853658537, ,GLU,E
11,0.004227008080021228,0.9679878048780488, ,TYR,Y
12,0.0045588830089575046,0.9740853658536586, ,ALA,A
13,0.005276862875246821,0.9847560975609756, ,GLY,G
14,0.005215030469477425,0.9832317073170732, ,VAL,V
15,0.004872086525109822,0.9786585365853658, ,SER,S
16,0.004046171983068165,0.9634146341463414, ,TYR,Y
17,0.004460290662269264,0.9725609756097561, ,GLN,Q
18,0.004805267937400186,0.9771341463414634, ,THR,T
19,0.0038646137796198845,0.9573170731707317, ,VAL,V
20,0.0036591654482629283,0.9557926829268293, ,SER,S
21,0.004574578649463876,0.975609756097561, ,ARG,R
22,0.004385933147465061,0.9695121951219512, ,VAL,V
23,0.0035003412211645933,0.9527439024390244, ,VAL,V
24,0.004085727022326956,0.9649390243902439, ,ASN,N
25,0.004947030660737024,0.9801829268292683, ,GLN,Q
26,0.0056092728707618465,0.989329268292683, ,ALA,A
27,0.006804134572558365,0.9954268292682927, ,SER,S
28,0.007276681356237671,1.0, ,HIE,
29,0.0064855245770437855,0.9923780487804879, ,VAL,V
30,0.006992883906566962,0.9984756097560976, ,SER,S
31,0.006903830471586168,0.9969512195121951, ,ALA,A
32,0.006591919488686649,0.9939024390243902, ,LYS,K
33,0.005904885284894253,0.9908536585365854, ,THR,T
34,0.0054909864138202,0.9878048780487805, ,ARG,R
35,0.005432083478347137,0.9862804878048781, ,GLU,E
36,0.004971771680714343,0.9817073170731707, ,LYS,K
37,0.004218053089980344,0.9664634146341463, ,VAL,V
38,0.004045771285994614,0.961890243902439, ,GLU,E
39,0.003935489946016325,0.9588414634146342, ,ALA,A
40,0.0034498001227319594,0.9512195121951219, ,ALA,A
41,0.0027100528307307547,0.9420731707317073, ,MET,M
42,0.0027260072514665827,0.9435975609756098, ,ALA,A
43,0.0028227745042841905,0.9466463414634146, ,GLU,E
44,0.002359209117962482,0.9085365853658537, ,LEU,L
45,0.0018021469448850573,0.7850609756097561, ,ASN,N
46,0.0015244550924735068,0.6920731707317073, ,TYR,Y
47,0.0012439998813937394,0.5030487804878049, ,ILE,I
48,0.0012422370758960876,0.5015243902439024, ,PRO,P
49,0.0007950656122227271,0.042682926829268296, ,ASN,N
50,0.0009866904841411886,0.2225609756097561, ,ARG,R
51,0.0007936259912805128,0.038109756097560975, ,VAL,V
52,0.0008211088078394191,0.056402439024390245, ,ALA,A
53,0.001032746789560906,0.2728658536585366, ,GLN,Q
54,0.0010439316398787785,0.2865853658536585, ,GLN,Q
55,0.001056513294310251,0.3003048780487805, ,LEU,L
56,0.0012082772940399705,0.47103658536585363, ,ALA,A
57,0.0013555018276443973,0.6036585365853658, ,GLY,G
58,0.0013847663704608965,0.6189024390243902, ,LYS,K
59,0.0015233749833351725,0.6905487804878049, ,GLN,Q
60,0.0013959997967044665,0.6265243902439024, ,SER,S
61,0.0012876795591294636,0.551829268292683, ,LEU,L
62,0.0011509577629656368,0.4024390243902439, ,LEU,L
63,0.001077698347705408,0.3125, ,ILE,I
64,0.0009935678295229168,0.23628048780487804, ,GLY,G
65,0.0009299906464593009,0.17530487804878048, ,VAL,V
66,0.000906291071822579,0.1448170731707317, ,ALA,A
67,0.0008502491385045256,0.07774390243902439, ,THR,T
68,0.0008649498801622181,0.09146341463414634, ,SER,S
69,0.0008354848767525985,0.06554878048780488, ,SER,S
70,0.0008221334812673091,0.05945121951219512, ,LEU,L
71,0.0008229719369750348,0.06097560975609756, ,ALA,A
72,0.0007928521196900873,0.0350609756097561, ,LEU,L
73,0.0007933182976403588,0.036585365853658534, ,HIE,
74,0.0007681356500075014,0.025914634146341462, ,ALA,A
75,0.0007947216637379652,0.041158536585365856, ,PRO,P
76,0.0008200766132402143,0.054878048780487805, ,SER,S
77,0.0008713638281129832,0.0975609756097561, ,GLN,Q
78,0.0008870202368187263,0.12195121951219512, ,ILE,I
79,0.000882124454983201,0.1173780487804878, ,VAL,V
80,0.0009234576415213862,0.16920731707317074, ,ALA,A
81,0.001035928010911368,0.2759146341463415, ,ALA,A
82,0.0010272055264494771,0.26676829268292684, ,ILE,I
83,0.0010035906354185797,0.24542682926829268, ,LYS,K
84,0.0011088571675177186,0.35365853658536583, ,SER,S
85,0.0011807287941975738,0.4375, ,ARG,R
86,0.0011727397182612945,0.42835365853658536, ,ALA,A
87,0.0012145839466506027,0.47865853658536583, ,ASP,D
88,0.0013569109980254561,0.6082317073170732, ,GLN,Q
89,0.0013821304628755262,0.6173780487804879, ,LEU,L
90,0.0013428957114476653,0.5929878048780488, ,GLY,G
91,0.0012359668252717973,0.4954268292682927, ,ALA,A
92,0.0011117830208366888,0.3597560975609756, ,SER,S
93,0.0010050777808556862,0.24695121951219512, ,VAL,V
94,0.0009228656523485148,0.16615853658536586, ,VAL,V
95,0.0008752294272988628,0.10518292682926829, ,VAL,V
96,0.0009036365750133168,0.14176829268292682, ,SER,S
97,0.0008910283511547236,0.13414634146341464, ,MET,M
98,0.0010008175234896331,0.2423780487804878, ,VAL,V
99,0.0011322149572650405,0.3795731707317073, ,GLU,E
100,0.0012405343249998636,0.49847560975609756, ,ARG,R
101,0.0011593516697856712,0.4115853658536585, ,SER,S
102,0.0011799937835677448,0.4344512195121951, ,GLY,G
103,0.001158350148607681,0.40853658536585363, ,VAL,V
104,0.0013086528402738822,0.5685975609756098, ,GLU,E
105,0.0012286102557275418,0.4878048780487805, ,ALA,A
106,0.0010850432015826323,0.3201219512195122, ,CYS,C
107,0.0012036605754529464,0.46646341463414637, ,LYS,K
108,0.0012557788917409436,0.5137195121951219, ,THR,T
109,0.0011033630560419684,0.34603658536585363, ,ALA,A
110,0.0011293888888059284,0.3780487804878049, ,VAL,V
111,0.0012519699634953795,0.5076219512195121, ,HIE,
112,0.0011405849418997655,0.39176829268292684, ,ASN,N
113,0.0010538483650360056,0.2972560975609756, ,LEU,L
114,0.0011878917151376266,0.4451219512195122, ,LEU,L
115,0.0011734401981308446,0.43140243902439024, ,ALA,A
116,0.001022488604055334,0.26371951219512196, ,GLN,Q
117,0.0011506717319193257,0.4009146341463415, ,ARG,R
118,0.0011346162644718606,0.38109756097560976, ,VAL,V
119,0.001252963565745057,0.5091463414634146, ,SER,S
120,0.0012069244034402257,0.4695121951219512, ,GLY,G
121,0.0011137326870945422,0.3643292682926829, ,LEU,L
122,0.0010178226150467829,0.2576219512195122, ,ILE,I
123,0.0009562359551761925,0.19664634146341464, ,ILE,I
124,0.0008746995955729479,0.10365853658536585, ,ASN,N
125,0.0008615320641959806,0.08536585365853659, ,TYR,Y
126,0.0008427623759582895,0.0701219512195122, ,PRO,P
127,0.0009307257597503849,0.17682926829268292, ,LEU,L
128,0.0009835108461023452,0.22103658536585366, ,ASP,D
129,0.0010492240403796103,0.29115853658536583, ,ASP,D
130,0.001187986234467366,0.44664634146341464, ,GLN,Q
131,0.0011670025775339413,0.4146341463414634, ,ASP,D
132,0.0011407799892481352,0.3932926829268293, ,ALA,A
133,0.0013121696688641557,0.5716463414634146, ,ILE,I
134,0.0013323387637332708,0.5884146341463414, ,ALA,A
135,0.0012143162951801852,0.47560975609756095, ,VAL,V
136,0.0013126252194079792,0.5746951219512195, ,GLU,E
137,0.0014551886908945278,0.6539634146341463, ,ALA,A
138,0.0013566702309662283,0.6067073170731707, ,ALA,A
139,0.0013273691373762555,0.5838414634146342, ,CYS,C
140,0.001472484800959891,0.6615853658536586, ,THR,T
141,0.0015375904613575558,0.6951219512195121, ,ASN,N
142,0.0013870643881230427,0.6219512195121951, ,VAL,V
143,0.001355748976904327,0.6051829268292683, ,PRO,P
144,0.0012330735705767119,0.4923780487804878, ,ALA,A
145,0.001135022489860017,0.38414634146341464, ,LEU,L
146,0.0010141456074060616,0.2545731707317073, ,PHE,F
147,0.0009013408788274368,0.1402439024390244, ,LEU,L
148,0.0008002764419410085,0.04725609756097561, ,ASP,D
149,0.0008887018761733823,0.125, ,VAL,V
150,0.000890468631143935,0.12957317073170732, ,SER,S
151,0.0009722198604959536,0.20579268292682926, ,ASP,D
152,0.0011138658731487264,0.36585365853658536, ,GLN,Q
153,0.0011478785501283142,0.39939024390243905, ,THR,T
154,0.00133426611579229,0.5899390243902439, ,PRO,P
155,0.00127139673944156,0.5350609756097561, ,ILE,I
156,0.0012675344112227965,0.5304878048780488, ,ASN,N
157,0.0011348697830489674,0.3826219512195122, ,SER,S
158,0.0010833862189551387,0.3170731707317073, ,ILE,I
159,0.0009190688204300389,0.1600609756097561, ,ILE,I
160,0.00097575338443484,0.21189024390243902, ,PHE,F
161,0.0010937888534309735,0.3323170731707317, ,SER,S
162,0.0009965948483873848,0.23932926829268292, ,HIE,
163,0.0012745285514891653,0.5396341463414634, ,GLU,E
164,0.0014008969030372617,0.6326219512195121, ,ASP,D
165,0.0011671373989828495,0.4176829268292683, ,GLY,G
166,0.0012407189751404857,0.5, ,THR,T
167,0.0015524047749157625,0.7012195121951219, ,ARG,R
168,0.0016086083090694496,0.7271341463414634, ,LEU,L
169,0.0014343925417120097,0.649390243902439, ,GLY,G
170,0.0016389831809896266,0.7454268292682927, ,VAL,V
171,0.0018912448413080766,0.8064024390243902, ,GLU,E
172,0.0018729204455265065,0.8033536585365854, ,HIE,
173,0.0018542570540856888,0.7987804878048781, ,LEU,L
174,0.0021357299529404074,0.8704268292682927, ,VAL,V
175,0.0022662061050175535,0.8948170731707317, ,ALA,A
176,0.002204601044495539,0.8826219512195121, ,LEU,L
177,0.0023678523770080083,0.9115853658536586, ,GLY,G
178,0.0021691742264954147,0.875, ,HIE,
179,0.0023029163314698823,0.9039634146341463, ,GLN,Q
180,0.0022098175455477235,0.8841463414634146, ,GLN,Q
181,0.0018958627556521794,0.8079268292682927, ,ILE,I
182,0.0017501181765162165,0.774390243902439, ,ALA,A
183,0.0014736120341585829,0.663109756097561, ,LEU,L
184,0.0012582373341842809,0.5167682926829268, ,LEU,L
185,0.001087869892160783,0.32621951219512196, ,ALA,A
186,0.000941010081623023,0.18292682926829268, ,GLY,G
187,0.0010980237035727262,0.33689024390243905, ,PRO,P
188,0.0011576405700819037,0.4054878048780488, ,LEU,L
189,0.0010507485363757535,0.29573170731707316, ,SER,S
190,0.000838119891116876,0.06707317073170732, ,SER,S
191,0.0007689396847939143,0.027439024390243903, ,VAL,V
192,0.0006953153489506462,0.012195121951219513, ,SER,S
193,0.000800170237052941,0.04573170731707317, ,ALA,A
194,0.0009115624458202957,0.15396341463414634, ,ARG,R
195,0.0008783743878896578,0.11128048780487805, ,LEU,L
196,0.0009111126061728151,0.14939024390243902, ,ARG,R
197,0.0011085945222395269,0.3521341463414634, ,LEU,L
198,0.001228193712562201,0.48628048780487804, ,ALA,A
199,0.0012297089895850315,0.4893292682926829, ,GLY,G
200,0.0013269147139934826,0.5807926829268293, ,TRP,W
201,0.00155948367381902,0.7027439024390244, ,HIE,
202,0.0016217282007921442,0.7347560975609756, ,LYS,K
203,0.0017178455227711458,0.760670731707317, ,TYR,Y
204,0.0018461606590642406,0.7957317073170732, ,LEU,L
205,0.002069367549235324,0.8567073170731707, ,THR,T
206,0.0021481186616233595,0.8719512195121951, ,ARG,R
207,0.0022705379849011684,0.8963414634146342, ,ASN,N
208,0.0024308613243995596,0.9222560975609756, ,GLN,Q
209,0.0022588428987339805,0.8917682926829268, ,ILE,I
210,0.002202281205713125,0.8810975609756098, ,GLN,Q
211,0.0020041831482347037,0.8384146341463414, ,PRO,P
212,0.002195126230741367,0.8795731707317073, ,ILE,I
213,0.0020254669307602034,0.8414634146341463, ,ALA,A
214,0.0017484636132591447,0.7728658536585366, ,GLU,E
215,0.0015903142532538808,0.7179878048780488, ,ARG,R
216,0.0013269938203559432,0.5823170731707317, ,GLU,E
217,0.0011686629813185967,0.4222560975609756, ,GLY,G
218,0.0010612925755340641,0.3018292682926829, ,ASP,D
219,0.0007847249905029441,0.03201219512195122, ,TRP,W
220,0.0008217866207518009,0.057926829268292686, ,SER,S
221,0.0008428252986451818,0.07164634146341463, ,ALA,A
222,0.0011084217776194765,0.3490853658536585, ,MET,M
223,0.0011954054132320825,0.4573170731707317, ,SER,S
224,0.001109625839606734,0.3551829268292683, ,GLY,G
225,0.0012808748745237167,0.5457317073170732, ,PHE,F
226,0.0015695212871315771,0.7103658536585366, ,GLN,Q
227,0.0015681293959098628,0.7073170731707317, ,GLN,Q
228,0.0015756592364461583,0.711890243902439, ,THR,T
229,0.001821714933087639,0.788109756097561, ,MET,M
230,0.0020465464211164514,0.8490853658536586, ,GLN,Q
231,0.002076017608744367,0.8582317073170732, ,MET,M
232,0.002117564542406742,0.8673780487804879, ,LEU,L
233,0.002375090038313374,0.9146341463414634, ,ASN,N
234,0.0025590932551081366,0.9298780487804879, ,GLU,E
235,0.0025865372860858094,0.9329268292682927, ,GLY,G
236,0.0023664170340147025,0.9100609756097561, ,ILE,I
237,0.0022274829227256834,0.8871951219512195, ,VAL,V
238,0.002049256353324034,0.8521341463414634, ,PRO,P
239,0.0020001797885248447,0.836890243902439, ,THR,T
240,0.0017297545252460596,0.7682926829268293, ,ALA,A
241,0.001495427146456354,0.676829268292683, ,MET,M
242,0.0012659613862709275,0.5274390243902439, ,LEU,L
243,0.0010356803219781338,0.27439024390243905, ,VAL,V
244,0.0008555651389318562,0.08231707317073171, ,ALA,A
245,0.0006983551244082705,0.013719512195121951, ,ASN,N
246,0.0007021045396373416,0.01524390243902439, ,ASP,D
247,0.0006217504996797376,0.003048780487804878, ,GLN,Q
248,0.0008126374414272288,0.051829268292682924, ,MET,M
249,0.0008845723320778363,0.12042682926829268, ,ALA,A
250,0.0008098597300735715,0.05030487804878049, ,LEU,L
251,0.0009699135063009735,0.2027439024390244, ,GLY,G
252,0.0011696420607598562,0.4253048780487805, ,ALA,A
253,0.0011395244819940556,0.38871951219512196, ,MET,M
254,0.0011679235753479307,0.4192073170731707, ,ARG,R
255,0.0014369164373938506,0.6509146341463414, ,ALA,A
256,0.0015418651798702865,0.6966463414634146, ,ILE,I
257,0.001505823661261773,0.6798780487804879, ,THR,T
258,0.0016709784543313528,0.7515243902439024, ,GLU,E
259,0.0019299282045532214,0.8155487804878049, ,SER,S
260,0.0019344883807749685,0.8201219512195121, ,GLY,G
261,0.0018421942562715943,0.7926829268292683, ,LEU,L
262,0.0017093618773785096,0.7591463414634146, ,ARG,R
263,0.0014866542946414699,0.6707317073170732, ,VAL,V
264,0.0016067563104302652,0.7240853658536586, ,GLY,G
265,0.0018668392621333828,0.801829268292683, ,ALA,A
266,0.0019306328412360138,0.8170731707317073, ,ASP,D
267,0.0017300469020056371,0.7698170731707317, ,ILE,I
268,0.0015685100359441157,0.7088414634146342, ,SER,S
269,0.0012769764814084476,0.5411585365853658, ,VAL,V
270,0.0011581154453146065,0.4070121951219512, ,VAL,V
271,0.0009068330556129013,0.14634146341463414, ,GLY,G
272,0.000842420675867645,0.06859756097560976, ,TYR,Y
273,0.0008026748175661703,0.04878048780487805, ,ASP,D
274,0.0009374731559064383,0.1798780487804878, ,ASP,D
275,0.0008770326053282905,0.10975609756097561, ,THR,T
276,0.0010224987018157636,0.2652439024390244, ,GLU,E
277,0.0008591825452043346,0.08384146341463415, ,ASP,D
278,0.0008784408979025324,0.11280487804878049, ,SER,S
279,0.0011135323651210302,0.3628048780487805, ,SER,S
280,0.0009905648128722597,0.22865853658536586, ,CYS,C
281,0.0008764353423419029,0.10823170731707317, ,TYR,Y
282,0.001021641733028431,0.2606707317073171, ,ILE,I
283,0.0011682112736700915,0.42073170731707316, ,PRO,P
284,0.0011212123097632948,0.3704268292682927, ,PRO,P
285,0.0010905999381598708,0.3307926829268293, ,LEU,L
286,0.001245907496430857,0.5060975609756098, ,THR,T
287,0.001068477709785575,0.30640243902439024, ,THR,T
288,0.0010756510905983005,0.3094512195121951, ,ILE,I
289,0.0011267877873594315,0.375, ,LYS,K
290,0.0009039623574067497,0.14329268292682926, ,GLN,Q
291,0.0009081042055717424,0.14786585365853658, ,ASP,D
292,0.0008812891755170453,0.11585365853658537, ,PHE,F
293,0.001008373615250592,0.25152439024390244, ,ARG,R
294,0.0010992553709751331,0.3384146341463415, ,LEU,L
295,0.0009796998975338408,0.21798780487804878, ,LEU,L
296,0.0010222115026365663,0.2621951219512195, ,GLY,G
297,0.0011800893672476625,0.43597560975609756, ,GLN,Q
298,0.0011991221627026126,0.46189024390243905, ,THR,T
299,0.0011080858782995242,0.3475609756097561, ,SER,S
300,0.001186384017523443,0.44359756097560976, ,VAL,V
301,0.0013485924939787529,0.5990853658536586, ,ASP,D
302,0.0013019912810467464,0.5625, ,ARG,R
303,0.0012609757199761472,0.5198170731707317, ,LEU,L
304,0.0013999592207117064,0.6310975609756098, ,LEU,L
305,0.0015444648770269517,0.698170731707317, ,GLN,Q
306,0.001467259101544442,0.6570121951219512, ,LEU,L
307,0.001501736785716236,0.6783536585365854, ,SER,S
308,0.0017058861920168562,0.7560975609756098, ,GLN,Q
309,0.0017301944361665829,0.7713414634146342, ,GLY,G
310,0.0017759131425186122,0.7804878048780488, ,GLN,Q
311,0.0017665250142048221,0.7774390243902439, ,ALA,A
312,0.0016227537241473632,0.7362804878048781, ,VAL,V
313,0.001523112563240685,0.6890243902439024, ,LYS,K
314,0.0013926163944269795,0.625, ,GLY,G
315,0.0012548341578521379,0.510670731707317, ,ASN,N
316,0.0012624146922238556,0.5228658536585366, ,GLN,Q
317,0.0011537577291396602,0.40396341463414637, ,LEU,L
318,0.0012567992735894444,0.5152439024390244, ,LEU,L
319,0.0013886684931041164,0.6234756097560976, ,PRO,P
320,0.0013207281473601525,0.5777439024390244, ,VAL,V
321,0.0014582996004567212,0.6554878048780488, ,SER,S
322,0.0014748856188314256,0.6646341463414634, ,LEU,L
323,0.0014718067108729633,0.6600609756097561, ,VAL,V
324,0.0015643258933963722,0.7042682926829268, ,LYS,K
325,0.0014851367257872848,0.6692073170731707, ,ARG,R
326,0.001493172471262149,0.6737804878048781, ,LYS,K
327,0.0013853263629269804,0.6204268292682927, ,THR,T
328,0.0016167146694272628,0.7301829268292683, ,THR,T
329,0.002639508900557733,0.9390243902439024, ,LYS,K
330,0.002151322992961932,0.8734756097560976, ,PRO,P
331,0.0019409701005505047,0.823170731707317, ,VAL,V
332,0.001852700555416493,0.7972560975609756, ,THR,T
333,0.0017246631058153807,0.7621951219512195, ,LEU,L
334,0.001973736592232436,0.8323170731707317, ,TYR,Y
335,0.0020987205506055907,0.864329268292683, ,ASP,D
336,0.0019707213342253045,0.8292682926829268, ,VAL,V
337,0.0020917873484270605,0.8612804878048781, ,ALA,A
338,0.00235203485617304,0.9054878048780488, ,GLU,E
339,0.0023961017919214233,0.9161585365853658, ,TYR,Y
340,0.0023531487358439762,0.9070121951219512, ,ALA,A
341,0.0025808116927871954,0.9314024390243902, ,GLY,G
342,0.00240361264272321,0.9192073170731707, ,VAL,V
343,0.0021802553179770118,0.8765243902439024, ,SER,S
344,0.0018778821477865727,0.8048780487804879, ,TYR,Y
345,0.0018439318083791072,0.7942073170731707, ,GLN,Q
346,0.0019657993889582,0.8277439024390244, ,THR,T
347,0.0017576748790809154,0.7759146341463414, ,VAL,V
348,0.0014899014951928464,0.6722560975609756, ,SER,S
349,0.0016084893095140067,0.725609756097561, ,ARG,R
350,0.0016871410711867736,0.7545731707317073, ,VAL,V
351,0.0013998190496533626,0.6295731707317073, ,VAL,V
352,0.0013125453617941318,0.573170731707317, ,ASN,N
353,0.00151766088638699,0.6859756097560976, ,GLN,Q
354,0.0016180265563444098,0.7317073170731707, ,ALA,A
355,0.0019405536842530212,0.8216463414634146, ,SER,S
356,0.0021855702216457993,0.8780487804878049, ,HIE,
357,0.0022615399286830037,0.8932926829268293, ,VAL,V
358,0.0026195998621361813,0.9344512195121951, ,SER,S
359,0.002635988352051463,0.9375, ,ALA,A
360,0.002795854673608246,0.9451219512195121, ,LYS,K
361,0.0024851084458202342,0.926829268292683, ,THR,T
362,0.002234234116026903,0.8887195121951219, ,ARG,R
363,0.002481876484455236,0.9253048780487805, ,GLU,E
364,0.0024519985466036056,0.9237804878048781, ,LYS,K
365,0.0020952697853083772,0.8628048780487805, ,VAL,V
366,0.0020492018927508455,0.850609756097561, ,GLU,E
367,0.0022959342592669724,0.9009146341463414, ,ALA,A
368,0.0021298927756311253,0.8689024390243902, ,ALA,A
369,0.0018389160454985833,0.7911585365853658, ,MET,M
370,0.0020213862482324455,0.8399390243902439, ,ALA,A
371,0.0022178971296215595,0.885670731707317, ,GLU,E
372,0.0020270611878823517,0.8429878048780488, ,LEU,L
373,0.0017952589449867946,0.7835365853658537, ,ASN,N
374,0.001601926962987207,0.7210365853658537, ,TYR,Y
375,0.0014056392583496834,0.635670731707317, ,ILE,I
376,0.0013254420728063018,0.5792682926829268, ,PRO,P
377,0.0011900814806781765,0.45121951219512196, ,ASN,N
378,0.0010362036271682426,0.2774390243902439, ,ARG,R
379,0.0009140632509084462,0.15548780487804878, ,VAL,V
380,0.0009384287393727475,0.18140243902439024, ,ALA,A
381,0.0009750554806479344,0.21036585365853658, ,GLN,Q
382,0.0008230343329034744,0.0625, ,GLN,Q
383,0.0007511019868345673,0.022865853658536585, ,LEU,L
384,0.0008650621182968419,0.09298780487804878, ,ALA,A
385,0.0009763894839057094,0.2149390243902439, ,GLY,G
386,0.0010883592115636396,0.3277439024390244, ,LYS,K
387,0.0012449551302818793,0.5045731707317073, ,GLN,Q
388,0.001224867978604533,0.4847560975609756, ,SER,S
389,0.0010999024014180408,0.34146341463414637, ,LEU,L
390,0.0009669098308363487,0.19969512195121952, ,LEU,L
391,0.0009727853079201877,0.20884146341463414, ,ILE,I
392,0.0008908179639940866,0.1326219512195122, ,GLY,G
393,0.0009220735841712403,0.16463414634146342, ,VAL,V
394,0.0009245952237873672,0.17073170731707318, ,ALA,A
395,0.0009290398466000069,0.17378048780487804, ,THR,T
396,0.000947439752604822,0.18902439024390244, ,SER,S
397,0.0009274767668375195,0.1722560975609756, ,SER,S
398,0.0008728629476845097,0.10213414634146341, ,LEU,L
399,0.0008902749761962285,0.12804878048780488, ,ALA,A
400,0.000896749861612014,0.13719512195121952, ,LEU,L
401,0.0008616532961976472,0.08841463414634146, ,HIE,
402,0.000883410309850863,0.11890243902439024, ,ALA,A
403,0.0008984478054403187,0.13871951219512196, ,PRO,P
404,0.0008615342601086401,0.08689024390243902, ,SER,S
405,0.0008895695782719316,0.12652439024390244, ,GLN,Q
406,0.0009233251793426646,0.1676829268292683, ,ILE,I
407,0.0008905327331254996,0.13109756097560976, ,VAL,V
408,0.0008963274615068489,0.13567073170731708, ,ALA,A
409,0.0009868867432539393,0.22408536585365854, ,ALA,A
410,0.0009511058276541599,0.19207317073170732, ,ILE,I
411,0.0009196576081637592,0.16158536585365854, ,LYS,K
412,0.0010506868124454307,0.2942073170731707, ,SER,S
413,0.001084894315640598,0.31859756097560976, ,ARG,R
414,0.0010484217523703226,0.2896341463414634, ,ALA,A
415,0.001147284675758363,0.3978658536585366, ,ASP,D
416,0.001273354215936249,0.5365853658536586, ,GLN,Q
417,0.001372903177205846,0.6128048780487805, ,LEU,L
418,0.0014125365689640426,0.6371951219512195, ,GLY,G
419,0.0011900397519380979,0.4496951219512195, ,ALA,A
420,0.001029359343345564,0.2682926829268293, ,SER,S
421,0.000932637573284778,0.17835365853658536, ,VAL,V
422,0.0008460374539787089,0.07317073170731707, ,VAL,V
423,0.0008663242138459498,0.09451219512195122, ,VAL,V
424,0.0008728185555013818,0.10060975609756098, ,SER,S
425,0.0008785205229152394,0.11432926829268293, ,MET,M
426,0.0009527506473791148,0.19359756097560976, ,VAL,V
427,0.0010401025904798694,0.2804878048780488, ,GLU,E
428,0.0011149955918703478,0.3673780487804878, ,ARG,R
429,0.0011603026143282634,0.41310975609756095, ,SER,S
430,0.0011975523239659163,0.4603658536585366, ,GLY,G
431,0.001196778232037206,0.45884146341463417, ,VAL,V
432,0.00120340003794091,0.4649390243902439, ,GLU,E
433,0.0011021704542715466,0.3429878048780488, ,ALA,A
434,0.0010319930002357532,0.2698170731707317, ,CYS,C
435,0.0010785977558691565,0.31402439024390244, ,LYS,K
436,0.001046343197965162,0.28810975609756095, ,THR,T
437,0.0009461660833780547,0.18597560975609756, ,ALA,A
438,0.0009433040162666417,0.18445121951219512, ,VAL,V
439,0.0009759625634856041,0.21341463414634146, ,HIE,
440,0.0009164422591083071,0.15701219512195122, ,ASN,N
441,0.0008467270775474855,0.07469512195121951, ,LEU,L
442,0.0008876289262043021,0.12347560975609756, ,LEU,L
443,0.0009111736128198457,0.15091463414634146, ,ALA,A
444,0.0007966275056545596,0.04420731707317073, ,GLN,Q
445,0.0007939426042603219,0.039634146341463415, ,ARG,R
446,0.000866675542479092,0.09603658536585366, ,VAL,V
447,0.0009991574055159176,0.24085365853658536, ,SER,S
448,0.0010429543218692084,0.2850609756097561, ,GLY,G
449,0.0010031811720945857,0.24390243902439024, ,LEU,L
450,0.0010075714073119655,0.25, ,ILE,I
451,0.000992569328973281,0.23170731707317074, ,ILE,I
452,0.0009694618666893933,0.20121951219512196, ,ASN,N
453,0.000991714789142665,0.2301829268292683, ,TYR,Y
454,0.0010326179179371165,0.27134146341463417, ,PRO,P
455,0.001129213143048461,0.37652439024390244, ,LEU,L
456,0.001205920104072267,0.4679878048780488, ,ASP,D
457,0.0012325757656876939,0.49085365853658536, ,ASP,D
458,0.001337014735044403,0.5914634146341463, ,GLN,Q
459,0.0012604655353731283,0.5182926829268293, ,ASP,D
460,0.0011810757343339718,0.4420731707317073, ,ALA,A
461,0.00126937411057751,0.5335365853658537, ,ILE,I
462,0.0012800413559488576,0.5442073170731707, ,ALA,A
463,0.0011446203003298652,0.39634146341463417, ,VAL,V
464,0.0012083500670478009,0.4725609756097561, ,GLU,E
465,0.0012911891015102812,0.5548780487804879, ,ALA,A
466,0.0011723374618663642,0.4268292682926829, ,ALA,A
467,0.0011586438788989111,0.4100609756097561, ,CYS,C
468,0.001315665746250783,0.5762195121951219, ,THR,T
469,0.0014257023652329232,0.6448170731707317, ,ASN,N
470,0.0011922531107326974,0.4527439024390244, ,VAL,V
471,0.0011933062461062962,0.45426829268292684, ,PRO,P
472,0.0011418292006138216,0.3948170731707317, ,ALA,A
473,0.0011132330021423745,0.36128048780487804, ,LEU,L
474,0.0010787360093063802,0.3155487804878049, ,PHE,F
475,0.0010178128894273752,0.25609756097560976, ,LEU,L
476,0.0009933655639469989,0.2347560975609756, ,ASP,D
477,0.0010850693461464985,0.32164634146341464, ,VAL,V
478,0.0011085711528071045,0.35060975609756095, ,SER,S
479,0.001169280045842126,0.42378048780487804, ,ASP,D
480,0.0012743305597349354,0.538109756097561, ,GLN,Q
481,0.0012979208411986417,0.5579268292682927, ,THR,T
482,0.001412922447369609,0.6387195121951219, ,PRO,P
483,0.0013111191361113081,0.5701219512195121, ,ILE,I
484,0.001263850299313944,0.524390243902439, ,ASN,N
485,0.0011728404225339662,0.4298780487804878, ,SER,S
486,0.0011102161435713855,0.3567073170731707, ,ILE,I
487,0.0010183082783657574,0.25914634146341464, ,ILE,I
488,0.0009560418918737168,0.1951219512195122, ,PHE,F
489,0.0010392606622317909,0.27896341463414637, ,SER,S
490,0.0009818313637017912,0.21951219512195122, ,HIE,
491,0.001180891450962257,0.4405487804878049, ,GLU,E
492,0.0012609895954674099,0.5213414634146342, ,ASP,D
493,0.001054710818498435,0.29878048780487804, ,GLY,G
494,0.0010957126421488241,0.3353658536585366, ,THR,T
495,0.0013484117097366487,0.5975609756097561, ,ARG,R
496,0.0013530152644873226,0.6021341463414634, ,LEU,L
497,0.0011899038614372546,0.4481707317073171, ,GLY,G
498,0.0014048732367380502,0.6341463414634146, ,VAL,V
499,0.001631550413153234,0.7423780487804879, ,GLU,E
500,0.0016024273657791357,0.7225609756097561, ,HIE,
501,0.001565399165102068,0.7057926829268293, ,LEU,L
502,0.001818413561246177,0.7865853658536586, ,VAL,V
503,0.001980774227078788,0.8338414634146342, ,ALA,A
504,0.001901783585599524,0.8094512195121951, ,LEU,L
505,0.0020463714068917095,0.8475609756097561, ,GLY,G
506,0.0018667205256125367,0.8003048780487805, ,HIE,
507,0.001999574383534881,0.8353658536585366, ,GLN,Q
508,0.0019321660084055045,0.8185975609756098, ,GLN,Q
509,0.0016704088932632199,0.75, ,ILE,I
510,0.0016266913667534208,0.739329268292683, ,ALA,A
511,0.0014263670937896308,0.6463414634146342, ,LEU,L
512,0.0012796352974911143,0.5426829268292683, ,LEU,L
513,0.0012235560962546095,0.4817073170731707, ,ALA,A
514,0.0012157289162620236,0.4801829268292683, ,GLY,G
515,0.0014533703122791256,0.6524390243902439, ,PRO,P
516,0.0014788968624909347,0.6676829268292683, ,LEU,L
517,0.0015759595431613866,0.7134146341463414, ,SER,S
518,0.0012853111869242024,0.5487804878048781, ,SER,S
519,0.0012341167087285107,0.49390243902439024, ,VAL,V
520,0.001042884363611662,0.28353658536585363, ,SER,S
521,0.0011244189240240988,0.3719512195121951, ,ALA,A
522,0.0012970251420044748,0.5564024390243902, ,ARG,R
523,0.0011807409505153843,0.43902439024390244, ,LEU,L
524,0.0010615024711099132,0.30335365853658536, ,ARG,R
525,0.0012671591329236082,0.5289634146341463, ,LEU,L
526,0.0014218198776592052,0.6432926829268293, ,ALA,A
527,0.0012894444741032693,0.5533536585365854, ,GLY,G
528,0.001307423565230165,0.5655487804878049, ,TRP,W
529,0.0015933813996900847,0.7195121951219512, ,HIE,
530,0.0016117183641817137,0.7286585365853658, ,LYS,K
531,0.001586201475160577,0.7164634146341463, ,TYR,Y
532,0.0017064866486388255,0.7576219512195121, ,LEU,L
533,0.001942711882478735,0.8246951219512195, ,THR,T
534,0.0019723166734552672,0.8307926829268293, ,ARG,R
535,0.0020536187296856115,0.8536585365853658, ,ASN,N
536,0.0022361635700422736,0.8902439024390244, ,GLN,Q
537,0.0020886669147876643,0.8597560975609756, ,ILE,I
538,0.0020992031682343405,0.8658536585365854, ,GLN,Q
539,0.0019183247029800946,0.8125, ,PRO,P
540,0.0020445098388959864,0.8460365853658537, ,ILE,I
541,0.0019506206382790194,0.8262195121951219, ,ALA,A
542,0.0017859386514945841,0.7820121951219512, ,GLU,E
543,0.0016484745117310053,0.7484756097560976, ,ARG,R
544,0.001547301262866195,0.6996951219512195, ,GLU,E
545,0.0014186549295914937,0.6417682926829268, ,GLY,G
546,0.001376397311095372,0.614329268292683, ,ASP,D
547,0.0010500371787728773,0.2926829268292683, ,TRP,W
548,0.0010939292746654453,0.33384146341463417, ,SER,S
549,0.0009946392305588817,0.23780487804878048, ,ALA,A
550,0.0012992910241129384,0.5609756097560976, ,MET,M
551,0.0014270918155590826,0.6478658536585366, ,SER,S
552,0.0012124754461804105,0.4740853658536585, ,GLY,G
553,0.001327988020845181,0.586890243902439, ,PHE,F
554,0.0016760223954354952,0.7530487804878049, ,GLN,Q
555,0.001635084694976047,0.7439024390243902, ,GLN,Q
556,0.001520164746130911,0.6875, ,THR,T
557,0.0017697790638397425,0.7789634146341463, ,MET,M
558,0.002042678813472967,0.8445121951219512, ,GLN,Q
559,0.0019233863160763745,0.8140243902439024, ,MET,M
560,0.001914595799212441,0.8109756097560976, ,LEU,L
561,0.0022754409212939735,0.8978658536585366, ,ASN,N
562,0.0024063428664420827,0.9207317073170732, ,GLU,E
563,0.0024855509966073257,0.9283536585365854, ,GLY,G
564,0.002369119788154677,0.913109756097561, ,ILE,I
565,0.0020548792716685704,0.8551829268292683, ,VAL,V
566,0.001826407337503801,0.7896341463414634, ,PRO,P
567,0.0017283767518153255,0.7667682926829268, ,THR,T
568,0.0014764268809586822,0.6661585365853658, ,ALA,A
569,0.0012831036790058627,0.5472560975609756, ,MET,M
570,0.0011026164876195119,0.3445121951219512, ,LEU,L
571,0.0009621713065085873,0.19817073170731708, ,VAL,V
572,0.0009113972368200323,0.1524390243902439, ,ALA,A
573,0.0007263660502564216,0.019817073170731708, ,ASN,N
574,0.0006161081740009456,0.001524390243902439, ,ASP,D
575,0.000678542518781541,0.010670731707317074, ,GLN,Q
576,0.0008632288126648991,0.0899390243902439, ,MET,M
577,0.0007904397619284406,0.03353658536585366, ,ALA,A
578,0.0007665758178761857,0.024390243902439025, ,LEU,L
579,0.0009876688309220813,0.22560975609756098, ,GLY,G
580,0.0010872392014603751,0.3231707317073171, ,ALA,A
581,0.0010051295158271605,0.24847560975609756, ,MET,M
582,0.0010998062308493065,0.3399390243902439, ,ARG,R
583,0.001347297186644066,0.5960365853658537, ,ALA,A
584,0.001379120151058206,0.6158536585365854, ,ILE,I
585,0.0013486098607517045,0.600609756097561, ,THR,T
586,0.0015321584205537835,0.6935975609756098, ,GLU,E
587,0.0017277752268546605,0.7652439024390244, ,SER,S
588,0.0017248152304485224,0.7637195121951219, ,GLY,G
589,0.0016289681717804017,0.7408536585365854, ,LEU,L
590,0.0015091685233585934,0.6829268292682927, ,ARG,R
591,0.001269370128359943,0.5320121951219512, ,VAL,V
592,0.0013636044343965127,0.6097560975609756, ,GLY,G
593,0.001618145543870275,0.7332317073170732, ,ALA,A
594,0.0016391390419126595,0.7469512195121951, ,ASP,D
595,0.0014680229842722722,0.6585365853658537, ,ILE,I
596,0.001327666422404099,0.5853658536585366, ,SER,S
597,0.0010704205535439592,0.3079268292682927, ,VAL,V
598,0.0009505252993302514,0.19054878048780488, ,VAL,V
599,0.000748459307877369,0.021341463414634148, ,GLY,G
600,0.0007102576300350129,0.01676829268292683, ,TYR,Y
601,0.0006715203074309424,0.007621951219512195, ,ASP,D
602,0.0007133413437752003,0.018292682926829267, ,ASP,D
603,0.0006694149244857747,0.006097560975609756, ,THR,T
604,0.0007694221606453572,0.028963414634146343, ,GLU,E
605,0.0006595377008438174,0.004573170731707317, ,ASP,D
606,0.0006777950122886013,0.009146341463414634, ,SER,S
607,0.0009165093149484033,0.15853658536585366, ,SER,S
608,0.0008724964434469694,0.09908536585365854, ,CYS,C
609,0.0008151872193242902,0.053353658536585365, ,TYR,Y
610,0.0009792539209915459,0.21646341463414634, ,ILE,I
611,0.0010418151728460118,0.2820121951219512, ,PRO,P
612,0.0009473258168995124,0.1875, ,PRO,P
613,0.0008522511751949063,0.07926829268292683, ,LEU,L
614,0.0009725710156313728,0.2073170731707317, ,THR,T
615,0.0008292855567410642,0.06402439024390244, ,THR,T
616,0.0008528138887999158,0.08079268292682927, ,ILE,I
617,0.0008478058126988098,0.07621951219512195, ,LYS,K
618,0.0007822334718799787,0.03048780487804878, ,GLN,Q
619,0.0008761467912088202,0.10670731707317073, ,ASP,D
620,0.0009198197938779242,0.16310975609756098, ,PHE,F
621,0.0009710785479515347,0.20426829268292682, ,ARG,R
622,0.0010126601122673715,0.2530487804878049, ,LEU,L
623,0.0009900102492983868,0.22713414634146342, ,LEU,L
624,0.0009932572294318008,0.23323170731707318, ,GLY,G
625,0.0010877626325716853,0.3246951219512195, ,GLN,Q
626,0.00111728453626579,0.36890243902439024, ,THR,T
627,0.0010672420779418803,0.3048780487804878, ,SER,S
628,0.0010764302688376524,0.31097560975609756, ,VAL,V
629,0.0012143182459901116,0.4771341463414634, ,ASP,D
630,0.0012006895414087748,0.4634146341463415, ,ARG,R
631,0.0011371563995897225,0.3871951219512195, ,LEU,L
632,0.0012238225956655994,0.48323170731707316, ,LEU,L
633,0.0013711941542824194,0.6112804878048781, ,GLN,Q
634,0.0013059862767196288,0.5640243902439024, ,LEU,L
635,0.0012646232700919357,0.5259146341463414, ,SER,S
636,0.0014173007035423323,0.6402439024390244, ,GLN,Q
637,0.0015138724714182637,0.6844512195121951, ,GLY,G
638,0.0015824153420108014,0.7149390243902439, ,GLN,Q
639,0.0016248143212880396,0.7378048780487805, ,ALA,A
640,0.0014943040058571447,0.6753048780487805, ,VAL,V
641,0.0015088580855789095,0.6814024390243902, ,LYS,K
642,0.0013969203490569525,0.6280487804878049, ,GLY,G
643,0.001298836606808938,0.5594512195121951, ,ASN,N
644,0.0012391719203182212,0.4969512195121951, ,GLN,Q
645,0.0011258877196162402,0.37347560975609756, ,LEU,L
646,0.0011108867125125166,0.35823170731707316, ,LEU,L
647,0.0011405244837291374,0.3902439024390244, ,PRO,P
648,0.0010894309572824952,0.32926829268292684, ,VAL,V
649,0.0011671318189343449,0.41615853658536583, ,SER,S
650,0.001194881681632674,0.4557926829268293, ,LEU,L
651,0.0011757340950939435,0.4329268292682927, ,VAL,V
652,0.0013077183133702829,0.5670731707317073, ,LYS,K
653,0.0012555434375542914,0.5121951219512195, ,ARG,R
654,0.001286107365671741,0.5503048780487805, ,LYS,K
655,0.0011363758806373077,0.3856707317073171, ,THR,T
656,0.0013460724118250643,0.5945121951219512, ,THR,T
