ResI,DFI,pctdfi,ChainID,Res,R
1,0.002904249,0.9146341463414634, ,LYS,K
2,0.002426759,0.8902439024390244, ,PRO,P
3,0.002248945,0.8765243902439024, ,VAL,V
4,0.002031545,0.8567073170731707, ,THR,T
5,0.002074539,0.8658536585365854, ,LEU,L
6,0.002528831,0.8917682926829268, ,TYR,Y
7,0.002645793,0.8978658536585366, ,ASP,D
8,0.002530039,0.8932926829268293, ,VAL,V
9,0.002890884,0.913109756, ,ALA,A
10,0.003217269,0.9283536585365854, ,GLU,E
11,0.003184423,0.926829268, ,TYR,Y
12,0.003301052,0.9314024390243902, ,ALA,A
13,0.003716757,0.9420731707317073, ,GLY,G
14,0.003506657,0.9375, ,VAL,V
15,0.0032712,0.9298780487804879, ,SER,S
16,0.002724888,0.899390244, ,TYR,Y
17,0.002778179,0.9039634146341463, ,GLN,Q
18,0.00306814,0.9222560975609756, ,THR,T
19,0.002582678,0.8948170731707317, ,VAL,V
20,0.002284721,0.8826219512195121, ,SER,S
21,0.002747056,0.9009146341463414, ,ARG,R
22,0.002773799,0.9024390243902439, ,VAL,V
23,0.002166834,0.8734756097560976, ,VAL,V
24,0.002186731,0.875, ,ASN,N
25,0.002801809,0.9070121951219512, ,GLN,Q
26,0.003121059,0.9237804878048781, ,ALA,A
27,0.003832861,0.9435975609756098, ,SER,S
28,0.004099071,0.9512195121951219, ,HIE,
29,0.003884192,0.9466463414634146, ,VAL,V
30,0.004358494,0.9634146341463414, ,SER,S
31,0.004318303,0.961890244, ,ALA,A
32,0.00429673,0.9588414634146342, ,LYS,K
33,0.003846901,0.9451219512195121, ,THR,T
34,0.003487816,0.9329268292682927, ,ARG,R
35,0.003624995,0.9405487804878049, ,GLU,E
36,0.003506304,0.9359756097560976, ,LYS,K
37,0.002975118,0.9176829268292683, ,VAL,V
38,0.002829836,0.9100609756097561, ,GLU,E
39,0.003031867,0.9207317073170732, ,ALA,A
40,0.002795714,0.9054878048780488, ,ALA,A
41,0.002258668,0.8780487804878049, ,MET,M
42,0.002423496,0.8887195121951219, ,ALA,A
43,0.002642864,0.8963414634146342, ,GLU,E
44,0.002338097,0.8871951219512195, ,LEU,L
45,0.002041874,0.8597560975609756, ,ASN,N
46,0.00173973,0.8079268292682927, ,TYR,Y
47,0.001449095,0.7195121951219512, ,ILE,I
48,0.001377332,0.6798780487804879, ,PRO,P
49,0.001103127,0.41310975609756095, ,ASN,N
50,0.001023061,0.2972560975609756, ,ARG,R
51,0.000923294,0.18140243902439024, ,VAL,V
52,0.000914905,0.16920731707317074, ,ALA,A
53,0.000978708,0.2423780487804878, ,GLN,Q
54,0.000918541,0.17378048780487804, ,GLN,Q
55,0.000866842,0.12804878048780488, ,LEU,L
56,0.000949762,0.20884146341463414, ,ALA,A
57,0.001055163,0.35060975609756095, ,GLY,G
58,0.001120306,0.4405487804878049, ,LYS,K
59,0.00123432,0.5625, ,GLN,Q
60,0.001108731,0.42378048780487804, ,SER,S
61,0.001070458,0.37652439024390244, ,LEU,L
62,0.001007323,0.2774390243902439, ,LEU,L
63,0.001036422,0.3201219512195122, ,ILE,I
64,0.001034862,0.31859756097560976, ,GLY,G
65,0.001033953,0.3170731707317073, ,VAL,V
66,0.001045864,0.33689024390243905, ,ALA,A
67,0.000991472,0.25609756097560976, ,THR,T
68,0.000968048,0.22560975609756098, ,SER,S
69,0.000926176,0.19054878048780488, ,SER,S
70,0.000863674,0.125, ,LEU,L
71,0.000847043,0.10975609756097561, ,ALA,A
72,0.000807578,0.085365854, ,LEU,L
73,0.00075086,0.048780488, ,HIE,
74,0.000791725,0.070121951, ,ALA,A
75,0.000861907,0.12042682926829268, ,PRO,P
76,0.000828721,0.096036585, ,SER,S
77,0.000818394,0.091463415, ,GLN,Q
78,0.00089262,0.14939024390243902, ,ILE,I
79,0.000913685,0.16463414634146342, ,VAL,V
80,0.000884148,0.1448170731707317, ,ALA,A
81,0.000940081,0.19817073170731708, ,ALA,A
82,0.000972268,0.23170731707317074, ,ILE,I
83,0.000933175,0.1951219512195122, ,LYS,K
84,0.00095872,0.21646341463414634, ,SER,S
85,0.000990441,0.2530487804878049, ,ARG,R
86,0.000975859,0.23628048780487804, ,ALA,A
87,0.000983627,0.24695121951219512, ,ASP,D
88,0.001037826,0.32621951219512196, ,GLN,Q
89,0.001067601,0.36890243902439024, ,LEU,L
90,0.001060195,0.35823170731707316, ,GLY,G
91,0.001052267,0.34603658536585363, ,ALA,A
92,0.001005064,0.2759146341463415, ,SER,S
93,0.001001072,0.2682926829268293, ,VAL,V
94,0.000996383,0.2621951219512195, ,VAL,V
95,0.001003172,0.2728658536585366, ,VAL,V
96,0.001037288,0.3231707317073171, ,SER,S
97,0.000990637,0.2545731707317073, ,MET,M
98,0.001065088,0.3673780487804878, ,VAL,V
99,0.001078566,0.3826219512195122, ,GLU,E
100,0.001250909,0.5853658536585366, ,ARG,R
101,0.001292043,0.6219512195121951, ,SER,S
102,0.001242922,0.5762195121951219, ,GLY,G
103,0.001256142,0.5960365853658537, ,VAL,V
104,0.001314399,0.6448170731707317, ,GLU,E
105,0.001248539,0.5823170731707317, ,ALA,A
106,0.00117393,0.49847560975609756, ,CYS,C
107,0.001234831,0.5655487804878049, ,LYS,K
108,0.001255401,0.5929878048780488, ,THR,T
109,0.001156392,0.4725609756097561, ,ALA,A
110,0.001171957,0.4954268292682927, ,VAL,V
111,0.001208218,0.5320121951219512, ,HIE,
112,0.001161632,0.4817073170731707, ,ASN,N
113,0.001093431,0.4054878048780488, ,LEU,L
114,0.001081399,0.38414634146341464, ,LEU,L
115,0.001089273,0.4009146341463415, ,ALA,A
116,0.001021421,0.2926829268292683, ,GLN,Q
117,0.000993439,0.2606707317073171, ,ARG,R
118,0.00102203,0.29573170731707316, ,VAL,V
119,0.001087896,0.39939024390243905, ,SER,S
120,0.00111901,0.43902439024390244, ,GLY,G
121,0.001103787,0.4146341463414634, ,LEU,L
122,0.001081893,0.3871951219512195, ,ILE,I
123,0.001068381,0.3719512195121951, ,ILE,I
124,0.001002971,0.27134146341463417, ,ASN,N
125,0.001027268,0.30640243902439024, ,TYR,Y
126,0.001072141,0.3780487804878049, ,PRO,P
127,0.001169081,0.4923780487804878, ,LEU,L
128,0.001236767,0.5685975609756098, ,ASP,D
129,0.001294503,0.625, ,ASP,D
130,0.001387352,0.6859756097560976, ,GLN,Q
131,0.001316951,0.649390244, ,ASP,D
132,0.001253662,0.5899390243902439, ,ALA,A
133,0.001354637,0.663109756, ,ILE,I
134,0.001365015,0.6707317073170732, ,ALA,A
135,0.001260162,0.5990853658536586, ,VAL,V
136,0.001280238,0.614329268, ,GLU,E
137,0.001365083,0.6722560975609756, ,ALA,A
138,0.001285485,0.6158536585365854, ,ALA,A
139,0.001231288,0.5579268292682927, ,CYS,C
140,0.00125851,0.5975609756097561, ,THR,T
141,0.001237945,0.5701219512195121, ,ASN,N
142,0.001235176,0.5670731707317073, ,VAL,V
143,0.00122167,0.5487804878048781, ,PRO,P
144,0.001195914,0.5274390243902439, ,ALA,A
145,0.001154529,0.4679878048780488, ,LEU,L
146,0.001121011,0.4420731707317073, ,PHE,F
147,0.001037255,0.32164634146341464, ,LEU,L
148,0.001004674,0.27439024390243905, ,ASP,D
149,0.001105064,0.4176829268292683, ,VAL,V
150,0.00113839,0.45884146341463417, ,SER,S
151,0.001219849,0.5472560975609756, ,ASP,D
152,0.001325571,0.6570121951219512, ,GLN,Q
153,0.001308874,0.6387195121951219, ,THR,T
154,0.001417121,0.698170732, ,PRO,P
155,0.00136665,0.6737804878048781, ,ILE,I
156,0.001312693,0.6432926829268293, ,ASN,N
157,0.001216154,0.5442073170731707, ,SER,S
158,0.001135729,0.4527439024390244, ,ILE,I
159,0.001058944,0.3551829268292683, ,ILE,I
160,0.001037657,0.3246951219512195, ,PHE,F
161,0.001164634,0.48628048780487804, ,SER,S
162,0.001062623,0.3628048780487805, ,HIE,
163,0.001267943,0.6021341463414634, ,GLU,E
164,0.001302882,0.6326219512195121, ,ASP,D
165,0.001081499,0.3856707317073171, ,GLY,G
166,0.001064337,0.3643292682926829, ,THR,T
167,0.001302617,0.6310975609756098, ,ARG,R
168,0.001306079,0.6341463414634146, ,LEU,L
169,0.00113772,0.4573170731707317, ,GLY,G
170,0.001295322,0.6265243902439024, ,VAL,V
171,0.001534471,0.7545731707317073, ,GLU,E
172,0.001482203,0.7408536585365854, ,HIE,
173,0.001427348,0.7073170731707317, ,LEU,L
174,0.00166113,0.7911585365853658, ,VAL,V
175,0.001821555,0.823170732, ,ALA,A
176,0.001729688,0.8048780487804879, ,LEU,L
177,0.001811869,0.8185975609756098, ,GLY,G
178,0.00161156,0.7759146341463414, ,HIE,
179,0.00165087,0.7896341463414634, ,GLN,Q
180,0.001577034,0.7621951219512195, ,GLN,Q
181,0.001363061,0.6676829268292683, ,ILE,I
182,0.00127047,0.6051829268292683, ,ALA,A
183,0.001110493,0.4253048780487805, ,LEU,L
184,0.000970888,0.22713414634146342, ,LEU,L
185,0.000948562,0.2073170731707317, ,ALA,A
186,0.000895173,0.1524390243902439, ,GLY,G
187,0.001106179,0.42073170731707316, ,PRO,P
188,0.001132576,0.4481707317073171, ,LEU,L
189,0.001188661,0.5198170731707317, ,SER,S
190,0.000977684,0.23932926829268292, ,SER,S
191,0.001001968,0.2698170731707317, ,VAL,V
192,0.000876117,0.13871951219512196, ,SER,S
193,0.000874087,0.13719512195121952, ,ALA,A
194,0.001033372,0.3155487804878049, ,ARG,R
195,0.001014566,0.2820121951219512, ,LEU,L
196,0.000894954,0.15091463414634146, ,ARG,R
197,0.0010189,0.2865853658536585, ,LEU,L
198,0.001176048,0.5060975609756098, ,ALA,A
199,0.001146735,0.4634146341463415, ,GLY,G
200,0.001118784,0.4375, ,TRP,W
201,0.001302378,0.6295731707317073, ,HIE,
202,0.001430497,0.711890244, ,LYS,K
203,0.001447338,0.7164634146341463, ,TYR,Y
204,0.001462845,0.7301829268292683, ,LEU,L
205,0.0016418,0.7835365853658537, ,THR,T
206,0.001784644,0.8155487804878049, ,ARG,R
207,0.001818214,0.8216463414634146, ,ASN,N
208,0.00189907,0.836890244, ,GLN,Q
209,0.001722886,0.8033536585365854, ,ILE,I
210,0.00163333,0.7820121951219512, ,GLN,Q
211,0.001504508,0.75, ,PRO,P
212,0.001632736,0.7804878048780488, ,ILE,I
213,0.001530455,0.7530487804878049, ,ALA,A
214,0.001392347,0.6890243902439024, ,GLU,E
215,0.001292316,0.6234756097560976, ,ARG,R
216,0.001173992,0.5, ,GLU,E
217,0.001040809,0.33384146341463417, ,GLY,G
218,0.001100959,0.4100609756097561, ,ASP,D
219,0.000830618,0.099085366, ,TRP,W
220,0.000849402,0.11280487804878049, ,SER,S
221,0.000748271,0.045731707, ,ALA,A
222,0.001023489,0.29878048780487804, ,MET,M
223,0.001091736,0.40396341463414637, ,SER,S
224,0.000924515,0.18292682926829268, ,GLY,G
225,0.001085019,0.3978658536585366, ,PHE,F
226,0.001363147,0.6692073170731707, ,GLN,Q
227,0.001316567,0.6478658536585366, ,GLN,Q
228,0.001225404,0.551829268, ,THR,T
229,0.001477981,0.7362804878048781, ,MET,M
230,0.001665225,0.7942073170731707, ,GLN,Q
231,0.001549639,0.7576219512195121, ,MET,M
232,0.001607783,0.774390244, ,LEU,L
233,0.001900706,0.8384146341463414, ,ASN,N
234,0.001960232,0.8445121951219512, ,GLU,E
235,0.002027703,0.8551829268292683, ,GLY,G
236,0.001889956,0.8353658536585366, ,ILE,I
237,0.001650678,0.788109756, ,VAL,V
238,0.001477689,0.7347560975609756, ,PRO,P
239,0.001450838,0.7225609756097561, ,THR,T
240,0.001234224,0.5609756097560976, ,ALA,A
241,0.001055101,0.3490853658536585, ,MET,M
242,0.000919697,0.17682926829268292, ,LEU,L
243,0.000750326,0.047256098, ,VAL,V
244,0.000697382,0.033536585, ,ALA,A
245,0.00055038,0.004573171, ,ASN,N
246,0.000472849,0.00152439, ,ASP,D
247,0.00047969,0.00304878, ,GLN,Q
248,0.000635163,0.016768293, ,MET,M
249,0.000616168,0.012195121951219513, ,ALA,A
250,0.000607704,0.010670731707317074, ,LEU,L
251,0.000797529,0.077743902, ,GLY,G
252,0.000863151,0.12347560975609756, ,ALA,A
253,0.000845491,0.10823170731707317, ,MET,M
254,0.000978457,0.24085365853658536, ,ARG,R
255,0.001159571,0.4771341463414634, ,ALA,A
256,0.001175718,0.5045731707317073, ,ILE,I
257,0.001241229,0.5716463414634146, ,THR,T
258,0.001426765,0.7042682926829268, ,GLU,E
259,0.001523937,0.7515243902439024, ,SER,S
260,0.001598018,0.7713414634146342, ,GLY,G
261,0.001446431,0.7149390243902439, ,LEU,L
262,0.001317685,0.6509146341463414, ,ARG,R
263,0.001113131,0.42835365853658536, ,VAL,V
264,0.001213308,0.5396341463414634, ,GLY,G
265,0.001429487,0.7103658536585366, ,ALA,A
266,0.0014226,0.7012195121951219, ,ASP,D
267,0.001242029,0.573170732, ,ILE,I
268,0.001133027,0.4496951219512195, ,SER,S
269,0.000901244,0.15701219512195122, ,VAL,V
270,0.000842483,0.10518292682926829, ,VAL,V
271,0.000655614,0.022865853658536585, ,GLY,G
272,0.000654247,0.021341463414634148, ,TYR,Y
273,0.000664516,0.025914634146341462, ,ASP,D
274,0.000726287,0.039634146341463415, ,ASP,D
275,0.000638058,0.018292682926829267, ,THR,T
276,0.000727322,0.041158536585365856, ,GLU,E
277,0.000592988,0.007621951, ,ASP,D
278,0.000623922,0.015243902, ,SER,S
279,0.00088513,0.14634146341463414, ,SER,S
280,0.000831635,0.10060975609756098, ,CYS,C
281,0.000731012,0.042682926829268296, ,TYR,Y
282,0.000903499,0.15853658536585366, ,ILE,I
283,0.000999943,0.26676829268292684, ,PRO,P
284,0.000908016,0.16310975609756098, ,PRO,P
285,0.000800697,0.080792683, ,LEU,L
286,0.000938532,0.19664634146341464, ,THR,T
287,0.000818893,0.092987805, ,THR,T
288,0.00087282,0.1326219512195122, ,ILE,I
289,0.000924842,0.18597560975609756, ,LYS,K
290,0.000852935,0.11585365853658537, ,GLN,Q
291,0.000870278,0.13109756097560976, ,ASP,D
292,0.000858847,0.11890243902439024, ,PHE,F
293,0.000914689,0.16615853658536586, ,ARG,R
294,0.000998675,0.2652439024390244, ,LEU,L
295,0.000974539,0.23323170731707318, ,LEU,L
296,0.000986408,0.24847560975609756, ,GLY,G
297,0.001053893,0.3475609756097561, ,GLN,Q
298,0.001101466,0.4115853658536585, ,THR,T
299,0.001067718,0.3704268292682927, ,SER,S
300,0.001082008,0.38871951219512196, ,VAL,V
301,0.001175313,0.5030487804878049, ,ASP,D
302,0.001180719,0.5152439024390244, ,ARG,R
303,0.001155027,0.4695121951219512, ,LEU,L
304,0.001225261,0.5503048780487805, ,LEU,L
305,0.001318025,0.6524390243902439, ,GLN,Q
306,0.001291421,0.6204268292682927, ,LEU,L
307,0.001285872,0.6173780487804879, ,SER,S
308,0.001409421,0.6966463414634146, ,GLN,Q
309,0.001459202,0.7286585365853658, ,GLY,G
310,0.001494395,0.7454268292682927, ,GLN,Q
311,0.001559405,0.7591463414634146, ,ALA,A
312,0.001494885,0.7469512195121951, ,VAL,V
313,0.001489225,0.7439024390243902, ,LYS,K
314,0.001408149,0.6935975609756098, ,GLY,G
315,0.001322413,0.6554878048780488, ,ASN,N
316,0.001309171,0.6402439024390244, ,GLN,Q
317,0.001253361,0.586890244, ,LEU,L
318,0.001233883,0.5594512195121951, ,LEU,L
319,0.001272128,0.6097560975609756, ,PRO,P
320,0.001196215,0.5289634146341463, ,VAL,V
321,0.001243387,0.5777439024390244, ,SER,S
322,0.001179831,0.5121951219512195, ,LEU,L
323,0.001163546,0.4847560975609756, ,VAL,V
324,0.001253377,0.5884146341463414, ,LYS,K
325,0.001191742,0.524390244, ,ARG,R
326,0.001213444,0.5411585365853658, ,LYS,K
327,0.001031814,0.31097560975609756, ,THR,T
328,0.0012309,0.5564024390243902, ,THR,T
329,0.001379481,0.6829268292682927, ,LYS,K
330,0.001318691,0.6539634146341463, ,PRO,P
331,0.001338175,0.6600609756097561, ,VAL,V
332,0.001370722,0.676829268, ,THR,T
333,0.00216309,0.8704268292682927, ,LEU,L
334,0.002888134,0.9115853658536586, ,TYR,Y
335,0.00281251,0.9085365853658537, ,ASP,D
336,0.002952837,0.9161585365853658, ,VAL,V
337,0.003934319,0.948170732, ,ALA,A
338,0.004300855,0.9603658536585366, ,GLU,E
339,0.003949166,0.9496951219512195, ,TYR,Y
340,0.004567556,0.9695121951219512, ,ALA,A
341,0.005410588,0.9817073170731707, ,GLY,G
342,0.005490063,0.9832317073170732, ,VAL,V
343,0.005150069,0.975609756, ,SER,S
344,0.004157609,0.9542682926829268, ,TYR,Y
345,0.004836075,0.9710365853658537, ,GLN,Q
346,0.005242486,0.9801829268292683, ,THR,T
347,0.004173528,0.9557926829268293, ,VAL,V
348,0.004142565,0.9527439024390244, ,SER,S
349,0.005181982,0.9771341463414634, ,ARG,R
350,0.004950559,0.9740853658536586, ,VAL,V
351,0.004211563,0.9573170731707317, ,VAL,V
352,0.004936841,0.9725609756097561, ,ASN,N
353,0.005883764,0.9878048780487805, ,GLN,Q
354,0.006421696,0.9908536585365854, ,ALA,A
355,0.007671305,0.9984756097560976, ,SER,S
356,0.008076459,1, ,HIE,
357,0.007023296,0.9939024390243902, ,VAL,V
358,0.007372379,0.9969512195121951, ,SER,S
359,0.007269204,0.9954268292682927, ,ALA,A
360,0.006936025,0.9923780487804879, ,LYS,K
361,0.00609864,0.989329268, ,THR,T
362,0.005853093,0.9847560975609756, ,ARG,R
363,0.005853614,0.9862804878048781, ,GLU,E
364,0.005233121,0.9786585365853658, ,LYS,K
365,0.004413682,0.9649390243902439, ,VAL,V
366,0.004543758,0.9679878048780488, ,GLU,E
367,0.004478388,0.9664634146341463, ,ALA,A
368,0.003586464,0.9390243902439024, ,ALA,A
369,0.003012379,0.9192073170731707, ,MET,M
370,0.003493188,0.9344512195121951, ,ALA,A
371,0.003158476,0.9253048780487805, ,GLU,E
372,0.002264381,0.8810975609756098, ,LEU,L
373,0.002302825,0.8841463414634146, ,ASN,N
374,0.001862011,0.8307926829268293, ,TYR,Y
375,0.001621137,0.7774390243902439, ,ILE,I
376,0.001234499,0.5640243902439024, ,PRO,P
377,0.000812436,0.088414634, ,ASN,N
378,0.001015548,0.28353658536585363, ,ARG,R
379,0.00090051,0.15548780487804878, ,VAL,V
380,0.000840617,0.10213414634146341, ,ALA,A
381,0.000966763,0.22408536585365854, ,GLN,Q
382,0.000988453,0.25, ,GLN,Q
383,0.000977073,0.23780487804878048, ,LEU,L
384,0.001062396,0.3597560975609756, ,ALA,A
385,0.001168664,0.4893292682926829, ,GLY,G
386,0.001187375,0.5182926829268293, ,LYS,K
387,0.00117267,0.4969512195121951, ,GLN,Q
388,0.001188834,0.5213414634146342, ,SER,S
389,0.001210669,0.5350609756097561, ,LEU,L
390,0.001131456,0.44664634146341464, ,LEU,L
391,0.001090422,0.4024390243902439, ,ILE,I
392,0.001025213,0.30335365853658536, ,GLY,G
393,0.00095814,0.2149390243902439, ,VAL,V
394,0.000915682,0.17073170731707318, ,ALA,A
395,0.000849904,0.11432926829268293, ,THR,T
396,0.000800704,0.082317073, ,SER,S
397,0.000810031,0.086890244, ,SER,S
398,0.000797047,0.074695122, ,LEU,L
399,0.000762883,0.053353658536585365, ,ALA,A
400,0.000694949,0.032012195, ,LEU,L
401,0.00069418,0.030487805, ,HIE,
402,0.000683353,0.028963414634146343, ,ALA,A
403,0.000756287,0.050304878, ,PRO,P
404,0.000794789,0.073170732, ,SER,S
405,0.000829941,0.097560976, ,GLN,Q
406,0.000872841,0.13414634146341464, ,ILE,I
407,0.000890124,0.14786585365853658, ,VAL,V
408,0.000926743,0.19359756097560976, ,ALA,A
409,0.001007754,0.27896341463414637, ,ALA,A
410,0.001024821,0.3018292682926829, ,ILE,I
411,0.001021524,0.2942073170731707, ,LYS,K
412,0.001099631,0.4070121951219512, ,SER,S
413,0.001136115,0.45426829268292684, ,ARG,R
414,0.001116272,0.4344512195121951, ,ALA,A
415,0.001188873,0.5228658536585366, ,ASP,D
416,0.001278742,0.6128048780487805, ,GLN,Q
417,0.00125429,0.5914634146341463, ,LEU,L
418,0.001270528,0.6067073170731707, ,GLY,G
419,0.001169553,0.49390243902439024, ,ALA,A
420,0.001105024,0.41615853658536583, ,SER,S
421,0.001038702,0.3307926829268293, ,VAL,V
422,0.000989052,0.25152439024390244, ,VAL,V
423,0.000944216,0.19969512195121952, ,VAL,V
424,0.000925101,0.1875, ,SER,S
425,0.000869871,0.12957317073170732, ,MET,M
426,0.000905806,0.16158536585365854, ,VAL,V
427,0.000947344,0.2027439024390244, ,GLU,E
428,0.001073792,0.3795731707317073, ,ARG,R
429,0.000971782,0.22865853658536586, ,SER,S
430,0.000981326,0.24542682926829268, ,GLY,G
431,0.000965261,0.21951219512195122, ,VAL,V
432,0.001084156,0.39176829268292684, ,GLU,E
433,0.001040294,0.3323170731707317, ,ALA,A
434,0.000952684,0.21036585365853658, ,CYS,C
435,0.001051621,0.3445121951219512, ,LYS,K
436,0.001099804,0.40853658536585363, ,THR,T
437,0.001015891,0.2850609756097561, ,ALA,A
438,0.001038584,0.3277439024390244, ,VAL,V
439,0.001122737,0.44359756097560976, ,HIE,
440,0.00108443,0.3948170731707317, ,ASN,N
441,0.001045998,0.3384146341463415, ,LEU,L
442,0.00113765,0.4557926829268293, ,LEU,L
443,0.001134537,0.45121951219512196, ,ALA,A
444,0.001044793,0.3353658536585366, ,GLN,Q
445,0.001116269,0.4329268292682927, ,ARG,R
446,0.001116046,0.43140243902439024, ,VAL,V
447,0.001211434,0.5365853658536586, ,SER,S
448,0.001194181,0.5259146341463414, ,GLY,G
449,0.001105533,0.4192073170731707, ,LEU,L
450,0.001013717,0.2804878048780488, ,ILE,I
451,0.000924614,0.18445121951219512, ,ILE,I
452,0.000847516,0.11128048780487805, ,ASN,N
453,0.000797464,0.076219512, ,TYR,Y
454,0.000768123,0.054878048780487805, ,PRO,P
455,0.000856151,0.1173780487804878, ,LEU,L
456,0.00089736,0.15396341463414634, ,ASP,D
457,0.000966322,0.22103658536585366, ,ASP,D
458,0.001020037,0.2896341463414634, ,GLN,Q
459,0.000981132,0.24390243902439024, ,ASP,D
460,0.000963879,0.21798780487804878, ,ALA,A
461,0.001069723,0.37347560975609756, ,ILE,I
462,0.001107078,0.4222560975609756, ,ALA,A
463,0.001048232,0.3429878048780488, ,VAL,V
464,0.001143513,0.4603658536585366, ,GLU,E
465,0.001249142,0.5838414634146342, ,ALA,A
466,0.001216224,0.5457317073170732, ,ALA,A
467,0.001212464,0.538109756, ,CYS,C
468,0.001402147,0.6920731707317073, ,THR,T
469,0.001463048,0.7317073170731707, ,ASN,N
470,0.001308426,0.6371951219512195, ,VAL,V
471,0.001287536,0.6189024390243902, ,PRO,P
472,0.001161073,0.4801829268292683, ,ALA,A
473,0.001084874,0.39634146341463417, ,LEU,L
474,0.000957731,0.21341463414634146, ,PHE,F
475,0.000883477,0.14329268292682926, ,LEU,L
476,0.000780488,0.0625, ,ASP,D
477,0.00084431,0.10670731707317073, ,VAL,V
478,0.000873193,0.13567073170731708, ,SER,S
479,0.000992548,0.25914634146341464, ,ASP,D
480,0.001027672,0.3079268292682927, ,GLN,Q
481,0.001024443,0.3003048780487805, ,THR,T
482,0.001177669,0.5091463414634146, ,PRO,P
483,0.001160294,0.47865853658536583, ,ILE,I
484,0.001174309,0.5015243902439024, ,ASN,N
485,0.001062576,0.36128048780487804, ,SER,S
486,0.001032495,0.3125, ,ILE,I
487,0.000917984,0.1722560975609756, ,ILE,I
488,0.000946469,0.20121951219512196, ,PHE,F
489,0.001064548,0.36585365853658536, ,SER,S
490,0.000972262,0.2301829268292683, ,HIE,
491,0.001208247,0.5335365853658537, ,GLU,E
492,0.001307886,0.635670732, ,ASP,D
493,0.001112105,0.4268292682926829, ,GLY,G
494,0.001131093,0.4451219512195122, ,THR,T
495,0.001409156,0.6951219512195121, ,ARG,R
496,0.001458025,0.7271341463414634, ,LEU,L
497,0.001296148,0.6280487804878049, ,GLY,G
498,0.001478647,0.7378048780487805, ,VAL,V
499,0.00173037,0.8064024390243902, ,GLU,E
500,0.001686558,0.7987804878048781, ,HIE,
501,0.001672825,0.7972560975609756, ,LEU,L
502,0.001901726,0.8399390243902439, ,VAL,V
503,0.002072302,0.8628048780487805, ,ALA,A
504,0.002024168,0.8536585365853658, ,LEU,L
505,0.002166389,0.8719512195121951, ,GLY,G
506,0.001954763,0.8429878048780488, ,HIE,
507,0.002036453,0.8582317073170732, ,GLN,Q
508,0.001992146,0.8490853658536586, ,GLN,Q
509,0.001722236,0.801829268, ,ILE,I
510,0.001592849,0.7698170731707317, ,ALA,A
511,0.001327088,0.6585365853658537, ,LEU,L
512,0.001156244,0.47103658536585363, ,LEU,L
513,0.001018986,0.28810975609756095, ,ALA,A
514,0.00090556,0.1600609756097561, ,GLY,G
515,0.001029786,0.3094512195121951, ,PRO,P
516,0.001020268,0.29115853658536583, ,LEU,L
517,0.001059609,0.3567073170731707, ,SER,S
518,0.000820773,0.094512195, ,SER,S
519,0.00079412,0.071646341, ,VAL,V
520,0.000703063,0.036585365853658534, ,SER,S
521,0.000789028,0.067073171, ,ALA,A
522,0.000919437,0.17530487804878048, ,ARG,R
523,0.000876653,0.1402439024390244, ,LEU,L
524,0.000865009,0.12652439024390244, ,ARG,R
525,0.001027209,0.3048780487804878, ,LEU,L
526,0.001158505,0.47560975609756095, ,ALA,A
527,0.001147619,0.4649390243902439, ,GLY,G
528,0.001227483,0.5533536585365854, ,TRP,W
529,0.001421082,0.6996951219512195, ,HIE,
530,0.001486639,0.7423780487804879, ,LYS,K
531,0.001560792,0.760670732, ,TYR,Y
532,0.001668207,0.7957317073170732, ,LEU,L
533,0.001834941,0.8277439024390244, ,THR,T
534,0.001923664,0.8414634146341463, ,ARG,R
535,0.002043331,0.8612804878048781, ,ASN,N
536,0.002146802,0.8689024390243902, ,GLN,Q
537,0.002013844,0.8521341463414634, ,ILE,I
538,0.002000988,0.850609756, ,GLN,Q
539,0.00181686,0.8201219512195121, ,PRO,P
540,0.001960487,0.8460365853658537, ,ILE,I
541,0.001811698,0.8170731707317073, ,ALA,A
542,0.001548392,0.7560975609756098, ,GLU,E
543,0.001425569,0.7027439024390244, ,ARG,R
544,0.001255459,0.5945121951219512, ,GLU,E
545,0.001113827,0.4298780487804878, ,GLY,G
546,0.001033132,0.31402439024390244, ,ASP,D
547,0.000756704,0.051829268292682924, ,TRP,W
548,0.000785158,0.06402439, ,SER,S
549,0.000789562,0.068597561, ,ALA,A
550,0.001057489,0.3521341463414634, ,MET,M
551,0.001158173,0.4740853658536585, ,SER,S
552,0.001047207,0.34146341463414637, ,GLY,G
553,0.001183315,0.5167682926829268, ,PHE,F
554,0.00145527,0.725609756, ,GLN,Q
555,0.001449897,0.7210365853658537, ,GLN,Q
556,0.001427206,0.7057926829268293, ,THR,T
557,0.00166365,0.7926829268292683, ,MET,M
558,0.001833462,0.8262195121951219, ,GLN,Q
559,0.001835563,0.8292682926829268, ,MET,M
560,0.001886588,0.8338414634146342, ,LEU,L
561,0.002111074,0.8673780487804879, ,ASN,N
562,0.002262823,0.8795731707317073, ,GLU,E
563,0.002332139,0.885670732, ,GLY,G
564,0.002073746,0.864329268, ,ILE,I
565,0.001991191,0.8475609756097561, ,VAL,V
566,0.001863625,0.8323170731707317, ,PRO,P
567,0.001831148,0.8246951219512195, ,THR,T
568,0.001590913,0.7667682926829268, ,ALA,A
569,0.001368204,0.6753048780487805, ,MET,M
570,0.001146296,0.46189024390243905, ,LEU,L
571,0.000925178,0.18902439024390244, ,VAL,V
572,0.000773299,0.05945122, ,ALA,A
573,0.000620451,0.013719512195121951, ,ASN,N
574,0.00059944,0.009146341, ,ASP,D
575,0.000577486,0.006097561, ,GLN,Q
576,0.000785739,0.06554878, ,MET,M
577,0.000799321,0.079268293, ,ALA,A
578,0.000739132,0.044207317, ,LEU,L
579,0.000914842,0.1676829268292683, ,GLY,G
580,0.001082629,0.3902439024390244, ,ALA,A
581,0.00105815,0.35365853658536583, ,MET,M
582,0.001116792,0.43597560975609756, ,ARG,R
583,0.001357051,0.6646341463414634, ,ALA,A
584,0.0014279,0.7088414634146342, ,ILE,I
585,0.001399991,0.6905487804878049, ,THR,T
586,0.001580976,0.7637195121951219, ,GLU,E
587,0.001757068,0.8109756097560976, ,SER,S
588,0.001779779,0.8140243902439024, ,GLY,G
589,0.00169672,0.8003048780487805, ,LEU,L
590,0.001588626,0.7652439024390244, ,ARG,R
591,0.001375342,0.6783536585365854, ,VAL,V
592,0.001502796,0.7484756097560976, ,GLY,G
593,0.001748501,0.8094512195121951, ,ALA,A
594,0.00177523,0.8125, ,ASP,D
595,0.001599407,0.7728658536585366, ,ILE,I
596,0.001453135,0.7240853658536586, ,SER,S
597,0.001177726,0.510670732, ,VAL,V
598,0.001046215,0.3399390243902439, ,VAL,V
599,0.000806757,0.083841463, ,GLY,G
600,0.000717675,0.038109756097560975, ,TYR,Y
601,0.00068106,0.027439024390243903, ,ASP,D
602,0.000772276,0.057926829268292686, ,ASP,D
603,0.000657042,0.024390243902439025, ,THR,T
604,0.0007722,0.056402439024390245, ,GLU,E
605,0.000647383,0.019817073170731708, ,ASP,D
606,0.00069926,0.035060976, ,SER,S
607,0.000922678,0.1798780487804878, ,SER,S
608,0.000817637,0.089939024, ,CYS,C
609,0.000776387,0.06097561, ,TYR,Y
610,0.00092219,0.17835365853658536, ,ILE,I
611,0.001038619,0.32926829268292684, ,PRO,P
612,0.000966688,0.2225609756097561, ,PRO,P
613,0.000948267,0.20579268292682926, ,LEU,L
614,0.00107854,0.38109756097560976, ,THR,T
615,0.00092656,0.19207317073170732, ,THR,T
616,0.000947815,0.20426829268292682, ,ILE,I
617,0.000992165,0.2576219512195122, ,LYS,K
618,0.000862607,0.12195121951219512, ,GLN,Q
619,0.000876763,0.14176829268292682, ,ASP,D
620,0.000841666,0.10365853658536585, ,PHE,F
621,0.000975747,0.2347560975609756, ,ARG,R
622,0.001069885,0.375, ,LEU,L
623,0.000955665,0.21189024390243902, ,LEU,L
624,0.000996564,0.26371951219512196, ,GLY,G
625,0.001150899,0.46646341463414637, ,GLN,Q
626,0.001165645,0.4878048780487805, ,THR,T
627,0.00108438,0.3932926829268293, ,SER,S
628,0.001168678,0.49085365853658536, ,VAL,V
629,0.001315821,0.6463414634146342, ,ASP,D
630,0.001247101,0.5807926829268293, ,ARG,R
631,0.001215088,0.5426829268292683, ,LEU,L
632,0.001359717,0.6661585365853658, ,LEU,L
633,0.00146873,0.7332317073170732, ,GLN,Q
634,0.001388574,0.6875, ,LEU,L
635,0.001432267,0.7134146341463414, ,SER,S
636,0.00159127,0.7682926829268293, ,GLN,Q
637,0.001641828,0.7850609756097561, ,GLY,G
638,0.00164831,0.7865853658536586, ,GLN,Q
639,0.001626812,0.7789634146341463, ,ALA,A
640,0.001448618,0.7179878048780488, ,VAL,V
641,0.001385615,0.6844512195121951, ,LYS,K
642,0.001266848,0.600609756, ,GLY,G
643,0.001176743,0.5076219512195121, ,ASN,N
644,0.001227573,0.5548780487804879, ,GLN,Q
645,0.001163088,0.48323170731707316, ,LEU,L
646,0.001198524,0.5304878048780488, ,LEU,L
647,0.001273356,0.6112804878048781, ,PRO,P
648,0.001180024,0.5137195121951219, ,VAL,V
649,0.001268909,0.6036585365853658, ,SER,S
650,0.001270741,0.6082317073170732, ,LEU,L
651,0.0012421,0.5746951219512195, ,VAL,V
652,0.001379409,0.6814024390243902, ,LYS,K
653,0.00131046,0.6417682926829268, ,ARG,R
654,0.001351769,0.6615853658536586, ,LYS,K
655,0.00124476,0.5792682926829268, ,THR,T
656,0.001478654,0.739329268, ,THR,T
