ResI,DFI,DFI_err,DFI%,DFI%_err
3,0.00357534,0.000199464,0.8166980948046041,0.016428247525246513
4,0.003413558,0.000184502,0.8108622147083684,0.014781327366259072
5,0.004184213,0.000229715,0.8723584108199491,0.011355426988326717
6,0.004194191,0.000240981,0.8694648546719551,0.011769373629588964
7,0.003830032,0.000220801,0.850412901,0.011463562378387845
8,0.004408594,0.000239558,0.8913290851160673,0.009251438
9,0.004982627,0.000275108,0.922881852,0.007730816
10,0.004768135,0.000270038,0.9171109955133626,0.007419946
11,0.004807085,0.00026728,0.9233857858118214,0.006242823
12,0.005492129,0.000297767,0.9504844268157877,0.005304588
13,0.005329766,0.000286779,0.9431530008453086,0.005971823
14,0.005200287,0.000278941,0.9351063138045386,0.007004071
15,0.004454682,0.000233488,0.8909551986475067,0.009997451
16,0.004734853,0.000254687,0.9022530723714159,0.010107542359779863
17,0.004894498,0.000263296,0.9156154496391185,0.007715757
18,0.004132559,0.000219396,0.8630275050393393,0.010848495138178104
19,0.003966768,0.000210831,0.8392450744521754,0.013543740294443572
20,0.004657762,0.000262079,0.8853469016190914,0.010216661817533244
21,0.004443614,0.000255388,0.8703751869432346,0.010749567759818984
22,0.003830123,0.000225299,0.8103907926393134,0.015801641746287454
23,0.004285807,0.000259906,0.828158528,0.015393696987568154
24,0.004879507,0.00029426,0.8816242928668963,0.011035543538340957
25,0.005387048,0.000325466,0.9121204239547437,0.009831324
26,0.00576365,0.000322991,0.9525326744261658,0.004863127
27,0.006170685,0.0003557,0.9687886078418624,0.003438807
28,0.005898375,0.000337678,0.960189219,0.003904172
29,0.006257056,0.000365986,0.9724624487938097,0.00311371
30,0.006052383,0.000357878,0.9680408349047404,0.003351836
31,0.005930038,0.000350583,0.9672605501007872,0.003172825
32,0.005517151,0.000312001,0.9542720593016453,0.004081503
33,0.00504695,0.000293055,0.9265882046947136,0.006205093
34,0.004975771,0.000304608,0.9283601014370245,0.006125023
35,0.00483781,0.000287231,0.9277748878340598,0.005443908
36,0.004246701,0.0002495,0.8856557643539894,0.008330894
37,0.00400746,0.000257314,0.868668314,0.009758403
38,0.004208819,0.000276324,0.895051694,0.007205316
39,0.003941045,0.000250766,0.8720820599518824,0.008955408
40,0.003324689,0.000230211,0.8175108914753885,0.013116793
41,0.003590852,0.000260834,0.842284934,0.011153689659583502
42,0.003897432,0.000277464,0.8669614409259381,0.010309459
43,0.003519233,0.000251455,0.819591651,0.013641825259550941
44,0.003089898,0.000250797,0.7402301840171661,0.018961154842611336
45,0.002658417,0.000205623,0.7144645295532871,0.019786986614196252
46,0.002283731,0.000179816,0.6721015670719809,0.022911046915061396
47,0.00218348,0.000154783,0.6756291046231875,0.019917862017748384
48,0.001706629,0.000113969,0.5728590935691527,0.024590848259578187
49,0.001794762,0.000126124,0.5927726120033814,0.024179172
50,0.001625127,8.966550484062105e-05,0.601030626,0.021354119845048376
51,0.001749995,0.000103033,0.648627999,0.02069127
52,0.001620502,8.0234054068291e-05,0.6128649457051827,0.020453229
53,0.001490101,7.523089184539094e-05,0.5767442616555042,0.021059641036271868
54,0.001442404,7.583247014540018e-05,0.5903829897912738,0.019566327076422654
55,0.001375537,6.928087566026122e-05,0.5741108004421615,0.019627967
56,0.001258877,5.149106175019378e-05,0.5381689316600557,0.019359361662309105
57,0.001124621,4.728733717443944e-05,0.48915729241173034,0.018205696815546964
58,0.000687603,2.002287197578629e-05,0.28402366863905304,0.008383408
59,0.000525156,1.5263049888599907e-05,0.1992327199427791,0.00885675
60,0.000370767,9.35609763755001e-06,0.11455556278041473,0.004269855
61,0.000322384,7.065572002219288e-06,0.091065739,0.00327852
62,0.000297904,6.610664859130133e-06,0.080499382,0.003289411
63,0.0003413,7.02759139660747e-06,0.098153326,0.002742366
64,0.000405544,1.1059120325354983e-05,0.13902074257103847,0.007984077
65,0.000526343,1.606921636127486e-05,0.20371935756551135,0.009474003
66,0.000516635,1.7003415286617635e-05,0.18491124260355032,0.00713929
67,0.000535221,1.6643768608631564e-05,0.19316925677872415,0.007038163
68,0.000381468,1.6829038667659628e-05,0.11491319331556014,0.006078991
69,0.000319461,1.3290342056025777e-05,0.090252942,0.004274001
70,0.000310424,1.4660708056663547e-05,0.086725405,0.005838777
71,0.000221886,1.4851194877664387e-05,0.042184147213732974,0.004746949
72,0.000261682,1.2606509351303342e-05,0.060943494375446994,0.003460044
73,0.000291269,1.0834328455109578e-05,0.076240328,0.003172834
74,0.000218336,9.874683668857607e-06,0.039875805,0.002943905
75,0.000219779,1.0286879502997931e-05,0.038997984264256415,0.002720861
76,0.0001955,9.158149544707427e-06,0.029862149684634843,0.002219075
77,0.000184601,7.6149407016193825e-06,0.023457311918850355,0.002060318
78,0.000201869,7.685438753536619e-06,0.033503478769750926,0.002080682
79,0.000228303,9.786794841881262e-06,0.045337798,0.002799833
80,0.000197628,8.774950145494226e-06,0.030382339553937144,0.002677982
81,0.000152431,4.354384325773089e-06,0.015621952012484543,0.001585344
82,0.000151864,4.457031604864426e-06,0.013508680668443962,0.001589216
83,0.000175568,7.1931059454732615e-06,0.022075558,0.001875482
84,0.000168655,4.967147839327435e-06,0.019718447233240097,0.001548313
85,0.000137083,4.263600437706674e-06,0.006128487,0.000510441
86,0.000173463,4.002180161035398e-06,0.023798686520579978,0.001760161
87,0.000188707,4.244037057370212e-06,0.031650302,0.002196683
88,0.000206085,5.680135793570686e-06,0.037795045,0.002253764
89,0.000247018,7.251961572912899e-06,0.054847519344560704,0.002557741
90,0.000162379,3.2742883371848366e-06,0.017767735223356503,0.00125609
91,0.000270035,9.992604053354594e-06,0.067966058,0.00312019
92,0.000213326,4.486422679273441e-06,0.042915664217439316,0.002617248
93,0.0002365,4.4955383369488104e-06,0.054294818,0.002529618
94,0.000291218,7.954440689356669e-06,0.074891085,0.003529346
95,0.000408205,1.4881023117688011e-05,0.13204694713570436,0.006300012
96,0.000525304,2.4466063167847966e-05,0.1931530008453085,0.010420239
97,0.000810478,4.830337633106676e-05,0.3483646530983807,0.019265506
98,0.000850817,4.973781605639074e-05,0.3634826711749789,0.019619106532048205
99,0.000966258,3.398719404903399e-05,0.43944664802652955,0.017811672
100,0.00089537,3.6541337044146114e-05,0.3876064763638728,0.014855658284218256
101,0.000995011,2.5705386790349565e-05,0.4599453800637231,0.016135082094274177
102,0.000971111,2.2369487679166512e-05,0.45173613368879634,0.014665293531863827
103,0.000720237,1.9650060279861584e-05,0.301401261,0.009327724
104,0.000757757,1.659227055085554e-05,0.3362377267702713,0.013006554176440125
105,0.000844902,1.9344143021575323e-05,0.38451784901489044,0.014380830481703384
106,0.000697751,1.417993580662252e-05,0.2993367579166395,0.010403847
107,0.000549335,1.629036499852436e-05,0.21605761102802518,0.014898876276067088
108,0.00060854,1.334988563749087e-05,0.24730151505299422,0.011094815281288693
109,0.000654818,1.4167925644922345e-05,0.27835034787697527,0.013380098064294275
110,0.000585601,2.1158859449445056e-05,0.2386045906755966,0.018288216974645104
111,0.000534304,1.6415287695198225e-05,0.2102542427986216,0.015740424081438133
112,0.000615418,1.5580443555894508e-05,0.2541452630210027,0.014156050789396347
113,0.00067361,2.2820051813814993e-05,0.28301580076727995,0.017224303
114,0.00060646,2.1242546363540935e-05,0.24414786397034902,0.017096408787215182
115,0.000597568,1.4345874525499205e-05,0.2430262045646661,0.011183725666914024
116,0.000475065,1.1984837841516857e-05,0.16111255608297023,0.004318787
117,0.000480937,1.276765449992184e-05,0.16202288835424933,0.003610529
118,0.000476843,1.1746670541783457e-05,0.1617953052864295,0.003301539
119,0.000457208,1.1071886955796758e-05,0.1513752519669679,0.003632715
120,0.000418656,1.0827330226782591e-05,0.13482671174978858,0.004684294
121,0.000585287,1.85308179184128e-05,0.2156674686260485,0.006417901
122,0.00068796,2.9711385231150467e-05,0.25976981598283366,0.00946976
123,0.000888313,4.124437986154012e-05,0.36281617790493526,0.012531992
124,0.000895591,4.157999261997478e-05,0.3674653748618247,0.013919648230361426
125,0.001116881,4.594428480353026e-05,0.4910754925547822,0.016247317655237004
126,0.00100917,3.30021529758893e-05,0.4465830027960206,0.010786311819533843
127,0.001168763,3.3406173719008876e-05,0.5300897327524546,0.013749949523154276
128,0.001231594,2.8618711016314652e-05,0.5676897067429612,0.012943351
129,0.001177733,2.812809683364323e-05,0.5358605891150269,0.012970901412287975
130,0.001054956,2.446765775588422e-05,0.4805904155016583,0.013941319284827343
131,0.001045555,2.5535661177370864e-05,0.4749333506729956,0.014831778795442294
132,0.001066938,2.5744597234200103e-05,0.487775538,0.011830296293171701
133,0.001025353,1.8256223466639903e-05,0.47017036218219643,0.012319182800846352
134,0.000930158,1.4267208047699152e-05,0.4279374471682164,0.014825164502922301
135,0.001115101,1.9934165613756818e-05,0.5089407633786333,0.017113404
136,0.001071027,1.978295256845535e-05,0.4925547824956109,0.017404722820303645
137,0.000806203,1.7165655924842703e-05,0.3603940438259964,0.011914506790245433
138,0.000866971,1.836925663736168e-05,0.3939137785291632,0.012633842142387441
139,0.00083531,2.016823733436966e-05,0.37201703621821963,0.009715473
140,0.000670925,1.479135907014593e-05,0.2761232849990246,0.006378299
141,0.000625243,1.3851337637727832e-05,0.2497724169321801,0.005630948
142,0.00057526,1.4242597904409573e-05,0.21630145002926068,0.004021301
143,0.000547583,1.4981261319427619e-05,0.19723324013264842,0.003595528
144,0.000627153,1.7888960779005924e-05,0.24247350282853247,0.005307273
145,0.000694483,2.0595621542199946e-05,0.2829345211002016,0.008630463
146,0.000710341,2.6470693947006957e-05,0.2741400611223097,0.006511038
147,0.000822051,2.9670576123892783e-05,0.33594511996878856,0.00938804
148,0.000909777,3.387483464725511e-05,0.3832661421418817,0.013542015823295533
149,0.001055954,3.4974195348439825e-05,0.4680896027049875,0.014576927729696943
150,0.001273022,4.026878265994023e-05,0.5649912217959555,0.017731250232209214
151,0.001476441,4.8120928069132436e-05,0.6234800702256327,0.016700749089383123
152,0.001216954,3.8872469416323795e-05,0.545776708,0.016980024821419536
153,0.0011656,4.160910810334523e-05,0.5241075492554786,0.016854480183894655
154,0.001070755,3.1355859379428683e-05,0.4868652058001171,0.017233715
155,0.000759348,2.067059474747268e-05,0.32185122569737956,0.005984069
156,0.000701053,2.0414228588709256e-05,0.2765621952012485,0.003689557
157,0.000699225,1.9262375426345166e-05,0.2766272189349112,0.00416345
158,0.000694877,1.7319918066852766e-05,0.27662721893491116,0.005373483
159,0.000816375,2.3208144235001047e-05,0.3351810910982507,0.006619222
160,0.000825223,2.5036930995391723e-05,0.3389199557838612,0.006001783
161,0.000996193,3.2536900971380335e-05,0.42572664022368173,0.006740995
162,0.001015,3.332654244179092e-05,0.43408218999934967,0.00734178
163,0.001197688,3.9542472193753176e-05,0.5261883087326873,0.007428081
164,0.001222852,4.2264501926485686e-05,0.5377300214578322,0.00797029
165,0.001159611,4.015481555967053e-05,0.5025846934130956,0.007941146
166,0.001259293,4.2324038384004786e-05,0.5565381364197933,0.00749755
167,0.001405081,4.731075925725209e-05,0.6219357565511413,0.007994216
168,0.001392354,4.7878725966907857e-05,0.6156447103192666,0.008014793
169,0.001397853,4.763965517587553e-05,0.6181318681318684,0.007665647
170,0.001564694,5.2265197502036916e-05,0.6877072631510501,0.007618477
171,0.001654983,5.7281815148107586e-05,0.7229176149294493,0.008615927
172,0.001623412,5.696796572161657e-05,0.709100072,0.008582982
173,0.001699811,5.758944736358611e-05,0.7393686195461346,0.008089927
174,0.001842315,6.109860460219981e-05,0.7907861369399831,0.008041802
175,0.001876727,6.425342749258202e-05,0.8017751479289943,0.008843893
176,0.001879516,6.521192610822381e-05,0.8023928733987904,0.008985186
177,0.002016662,6.754260605718467e-05,0.8466577800897325,0.008161653
178,0.00193839,6.40336047965495e-05,0.8233142597047923,0.00816306
179,0.001986539,6.468849933363134e-05,0.8387573964497042,0.007890359
180,0.00197719,6.347722031133844e-05,0.8350998114311725,0.007556424
181,0.00179036,5.6649926964672216e-05,0.7729858898497953,0.007095265
182,0.001693596,5.2440595335944245e-05,0.7393361076793029,0.006635569
183,0.001518493,4.794742130124566e-05,0.6735808570128098,0.006738525
184,0.001387568,4.328254260379916e-05,0.6198387411405163,0.006444987
185,0.001289055,4.0337726834520356e-05,0.5741270563755771,0.006790042
186,0.001175437,3.66028113882132e-05,0.5137525196696794,0.007947499
187,0.001216814,3.726004828760745e-05,0.5371122959880357,0.00871199
188,0.001324449,3.9902643747151355e-05,0.5925450289355616,0.011027047476242374
189,0.0012576,3.8217792585052375e-05,0.5577085636257236,0.014333051
190,0.001084397,3.3599598727452235e-05,0.473470317,0.013127162960813317
191,0.001023018,3.1385117022425074e-05,0.44011314129657336,0.009301614
192,0.000947753,3.2503286797364764e-05,0.39625463294102364,0.009430101
193,0.001113727,3.455187422319587e-05,0.4838578581182129,0.009308112
194,0.001258801,3.8781475780623876e-05,0.55868392,0.009222823
195,0.001179107,3.835314633011472e-05,0.5157194876129787,0.007562585
196,0.001159053,3.8594902142618973e-05,0.5021132713440407,0.007681892
197,0.001334547,4.213172166696539e-05,0.5938455036088172,0.007377105
198,0.001402094,4.411074341366672e-05,0.6250568957669549,0.007505653
199,0.001369738,4.432539072956889e-05,0.6081507250146302,0.007388659
200,0.001452813,4.669175972343705e-05,0.644840367,0.007298469
201,0.001580165,5.0110003330100985e-05,0.6960790688601339,0.007560699
202,0.001595803,5.046892342648738e-05,0.7018499252227064,0.007579582
203,0.001633659,5.2773084510334736e-05,0.7152448143572404,0.00781008
204,0.001761318,5.6925282737648914e-05,0.7613303855907405,0.007860341
205,0.001851968,5.959974946343542e-05,0.791810261,0.008121997
206,0.001873619,6.0674175542481296e-05,0.7993692697834709,0.008707389
207,0.001957997,6.355640503640107e-05,0.8282398075297485,0.008235606
208,0.002049957,6.645494155444427e-05,0.8530138500552704,0.007814839
209,0.001990156,6.360028995099912e-05,0.8358150725014634,0.007613321
210,0.002004074,6.328199115395957e-05,0.837570713,0.007514793
211,0.001900037,6.065059812567914e-05,0.8045549125430783,0.007805956
212,0.001996549,6.241683054485745e-05,0.8377170167110997,0.007417426
213,0.001921311,5.8877596439999256e-05,0.8162916964692108,0.006889596
214,0.001958512,6.219252077027562e-05,0.8280122244619286,0.00772112
215,0.001804763,5.652799220750406e-05,0.7767084986019895,0.00718504
216,0.001669329,5.107883103062504e-05,0.7310943494375449,0.006743265
217,0.001595348,4.848585994097936e-05,0.7052961831068338,0.006710496
218,0.001444423,4.4672716967186536e-05,0.6450354379348461,0.006623655
219,0.001277592,4.0639148417426374e-05,0.567202029,0.006904094
220,0.001137416,3.6115057178177146e-05,0.4939040249691137,0.006448939
221,0.000973263,3.2823953801172884e-05,0.4032609402431888,0.008298483
222,0.000994333,3.4706256672061836e-05,0.41338838676116774,0.008373403
223,0.001070686,3.636217358890472e-05,0.45417452370115097,0.008080544
224,0.001223587,4.156550778664922e-05,0.5334709669029195,0.008257807
225,0.001282526,4.2565996566649085e-05,0.5667143507380195,0.00733828
226,0.001294576,4.23745248021023e-05,0.5726965342349958,0.007125525
227,0.001399491,4.5073841973438955e-05,0.6224396904870276,0.006932208
228,0.001513816,4.830786535201623e-05,0.6718089602704985,0.006894429
229,0.001525895,4.801756317089894e-05,0.6762630860263998,0.006423536
230,0.001573135,4.986962869185146e-05,0.69479485,0.006510833
231,0.001708513,5.566976121310642e-05,0.7431074842317449,0.007578558
232,0.001793882,5.674577643490255e-05,0.7764158918005071,0.007139873
233,0.001807002,5.4807358323459356e-05,0.7817966057611028,0.006823523
234,0.001902399,5.874127593529984e-05,0.8145360556603161,0.006948746
235,0.002057111,6.228944503348817e-05,0.8555660316015347,0.006676874
236,0.002172897,6.16578899949679e-05,0.8757559009038298,0.006663494
237,0.002331125,6.613565894715655e-05,0.8901261460433063,0.007209605
238,0.00228557,7.178260398566054e-05,0.890126146,0.006914648
239,0.002075553,6.46319945602664e-05,0.8575655114116647,0.007316701
240,0.001930015,6.071714625637122e-05,0.8203069120228883,0.007128553
241,0.001936717,6.257450591398783e-05,0.8219812731647049,0.007682521
242,0.001742903,5.5865776425222456e-05,0.7546979647571365,0.007104045
243,0.001583268,4.979117753867831e-05,0.6977209181351188,0.00658219
244,0.001421951,4.5433889883970653e-05,0.6323232980037714,0.006550738
245,0.001271392,4.014190544393945e-05,0.5627641589180052,0.006241951
246,0.001137751,3.725857048659398e-05,0.49062032641914294,0.007083088
247,0.000984737,3.381044450146201e-05,0.40909682033942374,0.008334382
248,0.000978139,3.462426718388113e-05,0.40321217244294155,0.008898563
249,0.000947375,3.321157070281111e-05,0.3876877560309513,0.009277824
250,0.001177246,3.889332317317126e-05,0.5128746992652318,0.008105257
251,0.001232672,4.1441286659666285e-05,0.5401684114701868,0.008088342
252,0.001163855,3.9066432200340284e-05,0.5014630340074127,0.0083316
253,0.001255212,4.150463595943368e-05,0.5530918785356655,0.007905023
254,0.001410155,4.6141271424423814e-05,0.6270401196436701,0.007637301
255,0.001434308,4.6748361076425866e-05,0.6378503153651083,0.007286791
256,0.00142451,4.589671874271479e-05,0.6330710709408932,0.00675562
257,0.001547228,4.92225982147847e-05,0.6843585408674164,0.006746745
258,0.001664841,5.272605221406727e-05,0.7301352493660188,0.006692887
259,0.001672352,5.219174314658923e-05,0.7321347291761495,0.006621368
260,0.001679933,5.186787635148194e-05,0.7344105598543466,0.006557874
261,0.001834236,5.569806812755395e-05,0.7940048117562911,0.006088553
262,0.00190647,5.880751416711098e-05,0.8187463424149818,0.006420433
263,0.001877608,5.871933615087396e-05,0.8104395604395604,0.006549609
264,0.00185173,5.905669484465488e-05,0.8014012614604333,0.006897219
265,0.001694477,5.6114062734464276e-05,0.7378080499382271,0.007033503
266,0.001753834,5.777327625967265e-05,0.7603875414526303,0.007017973
267,0.001932917,6.299213155296237e-05,0.8261265361857074,0.007105501
268,0.00193997,6.282795459972145e-05,0.8289225567332072,0.007226903
269,0.001803596,5.7923165133872364e-05,0.7806261785551724,0.006544994
270,0.001693401,5.530770439272617e-05,0.7367026464659597,0.006934382
271,0.001505418,4.841028984234217e-05,0.6650464919695692,0.006279039
272,0.00136504,4.51341697635032e-05,0.6035828077248198,0.006671488
273,0.001174271,4.05757733576392e-05,0.5064698614994474,0.007556011
274,0.001012708,3.592494151224724e-05,0.42410104688211214,0.008213425
275,0.000854349,3.01155563482036e-05,0.3419598153325963,0.009222365
276,0.00089383,3.1378039338331465e-05,0.3623935236361272,0.008076145
277,0.000794582,2.818580520176655e-05,0.3112686130437611,0.008821843
278,0.000830423,2.8987694968731796e-05,0.33399440795890495,0.009311474
279,0.000937417,3.5912994243387636e-05,0.38290851160673617,0.011263918617229154
280,0.001067505,4.0149604474065405e-05,0.4463066519279537,0.010886297330279814
281,0.001192721,4.3186744926906926e-05,0.5139638468040837,0.009237417
282,0.001186256,4.259610031365883e-05,0.5107451719877755,0.008715338
283,0.001244381,4.5502290687023476e-05,0.5383965147278756,0.00953068
284,0.00143651,5.1941044982489355e-05,0.6285031536510827,0.008735193
285,0.001499122,5.426393185389278e-05,0.6556668183887118,0.008838153
286,0.001363626,4.898815031387317e-05,0.598250862,0.008396404
287,0.001282298,4.5938702242580593e-05,0.5600656739709995,0.008142303
288,0.001328607,4.820783780746049e-05,0.5833929384225243,0.008285167
289,0.001165295,4.1559066334833134e-05,0.5022920866116132,0.00802501
290,0.001077951,3.862332803841086e-05,0.457604526,0.00796777
291,0.000930897,3.2129308288573506e-05,0.3878178034982769,0.007052923
292,0.000755323,2.6227749550293915e-05,0.29546784576370366,0.00884419
293,0.00062598,2.08176815708805e-05,0.23206970544248637,0.004945998
294,0.000488463,1.3752250669677865e-05,0.16464009363417648,0.005134594
295,0.00047052,1.2179241924857529e-05,0.15633331165875547,0.003788597
296,0.000509765,1.5233101814742423e-05,0.1744911892840887,0.003678533
297,0.000475692,1.318589458600122e-05,0.15691852526172034,0.004089978
298,0.00039461,9.612292031701703e-06,0.11993627674101043,0.003873016
299,0.000432049,1.0498498776664632e-05,0.1389557188373756,0.004050365
300,0.000496271,1.2555798964897086e-05,0.17271929254177767,0.004431142
301,0.000440897,1.0987457997983141e-05,0.1408576630470121,0.00350901
302,0.000381554,1.0330816529719277e-05,0.11104428116262431,0.002000606
303,0.000495537,1.4376653436742765e-05,0.171256259,0.003890283
304,0.000507395,1.2624059905027616e-05,0.17811626243578904,0.003423694
305,0.00045585,1.1127229525127659e-05,0.14935951622342153,0.003155027
306,0.000483515,1.2758089582525607e-05,0.16543663437154568,0.004599663
307,0.000568289,1.6337158482983552e-05,0.20898627999219707,0.004063949
308,0.000590102,1.710579296620157e-05,0.2238442031341439,0.004301568
309,0.000560064,1.542268997096356e-05,0.2069380323818193,0.003915502
310,0.00063077,1.8208358563250257e-05,0.25058521360296493,0.005879192
311,0.000766119,2.1677198402612406e-05,0.3350347876975096,0.010288303646347816
312,0.000805376,2.0006029070053284e-05,0.3595649912217961,0.010374822322774637
313,0.00082003,2.2122186748043383e-05,0.36011769295792984,0.008402484
314,0.000921884,2.6933033660486095e-05,0.40999089667728716,0.008516433
315,0.000888281,2.7843640942824776e-05,0.38277846413941086,0.006603351
316,0.000856972,2.8031421235888472e-05,0.3639215813772026,0.006028393
317,0.00081366,2.6479894554413775e-05,0.33870862864945683,0.005635242
318,0.000797985,2.6710536370938675e-05,0.322517719,0.006021629
319,0.00079289,2.349020851263781e-05,0.32385070550751016,0.005571622
320,0.000843314,2.4094354375963e-05,0.35096560244489233,0.006386395
321,0.000824774,2.5846487394984143e-05,0.3377170167110996,0.006456337
322,0.000953645,3.207626287698333e-05,0.4036835945119968,0.007335089
323,0.000997949,3.472101844886317e-05,0.4241823265491904,0.007129462
324,0.00112743,3.9764582801188054e-05,0.4887346381429222,0.00724538
325,0.001226405,4.370303111303528e-05,0.5368034332531376,0.007781581
326,0.001256149,4.4878900456844064e-05,0.5521652903309706,0.007638805
327,0.001433667,5.233536814164669e-05,0.6310228233305156,0.008616499
328,0.001491139,5.5700029263475614e-05,0.6544313674491191,0.009752516
329,0.001623564,5.416170967649041e-05,0.7113433903374733,0.007355669
330,0.001541267,5.1514293173324154e-05,0.6776285844333181,0.006926199
331,0.001663616,5.4221215424518035e-05,0.7256160998764553,0.006670663
332,0.001853542,6.152484355714585e-05,0.7953703101632098,0.00750365
333,0.001987366,6.738285546270531e-05,0.8377982963781777,0.008443758
334,0.002037271,6.787501120119717e-05,0.8524774042525524,0.007971017
335,0.002211089,7.241088482694367e-05,0.882924768,0.00733666
336,0.002248997,7.549412406163841e-05,0.8853306456856759,0.007692154
337,0.002282119,8.015231393403061e-05,0.8882242018336697,0.007598276
338,0.003122149,0.00015676,0.9183789583197874,0.00676296
339,0.0043198,0.000232359,0.9378860784186234,0.007224134
340,0.005059727,0.000271139,0.942649067,0.00755645
3,0.00305374,0.00011583,0.8442681578776251,0.009676637
4,0.003015129,0.000125439,0.824972365,0.012662500063065468
5,0.003831207,0.000175404,0.881266662,0.010423845680480203
6,0.003720294,0.000147179,0.8866311203589312,0.009046191
7,0.003271602,0.000128326,0.8474055530268543,0.011979594051462011
8,0.003889237,0.000187102,0.8754145263021007,0.011700485419801399
9,0.004432251,0.000204534,0.9158267767735223,0.008540968
10,0.00409764,0.000171768,0.9039762013134794,0.008713922
11,0.004142019,0.000197483,0.8942226412640617,0.010208027834803214
12,0.00486574,0.00024959,0.927238442,0.008571972
13,0.004743947,0.000263743,0.9110963001495547,0.010915209879279932
14,0.004694166,0.000268448,0.905081605,0.011932268531527103
15,0.004011364,0.000220879,0.8658235255868392,0.014255347
16,0.004209569,0.000256967,0.8599551336237724,0.016627340788804304
17,0.004190847,0.000261025,0.8544443721958521,0.016754778
18,0.003434915,0.000194942,0.8102607451719878,0.017796575
19,0.003242993,0.000192939,0.7873398790558553,0.019671253016055514
20,0.003663501,0.000250403,0.7925092658820468,0.020985937984098556
21,0.003325356,0.000227327,0.757819104,0.021480792550957566
22,0.002690415,0.000169521,0.7113921581377203,0.023802822
23,0.002972178,0.000202099,0.7252422134078939,0.027043872301120146
24,0.003458551,0.000263506,0.7444404707718318,0.025620889
25,0.003902852,0.000291469,0.7898758046687041,0.025348510462887074
26,0.004476638,0.000332499,0.8358313284348788,0.020914481
27,0.004755203,0.000357796,0.8509330905780607,0.018277469337847817
28,0.004683484,0.000331966,0.8631412965732492,0.016069756639579342
29,0.005113681,0.000354051,0.9005624552961834,0.012973094260528057
30,0.004871617,0.000332175,0.8874601729631315,0.013493185064761123
31,0.004907614,0.000307473,0.9080076728005726,0.011215947
32,0.004587194,0.000280313,0.8927433513232327,0.012125497494112273
33,0.004001058,0.000253665,0.8373918980427856,0.016039931
34,0.003994365,0.000234673,0.8518434228493399,0.014097450003616677
35,0.004016292,0.000209795,0.875788413,0.011728281379787372
36,0.003431916,0.000177511,0.8265004226542687,0.014674412
37,0.003042082,0.000154307,0.7850315365108264,0.016361253
38,0.003316228,0.000144216,0.8405130372585992,0.013258565
39,0.003144698,0.000120018,0.8398953117888026,0.012783029299365473
40,0.002473242,8.515665864734368e-05,0.7717016711099551,0.016025196
41,0.002615488,9.023035661578727e-05,0.8020514987970611,0.014758268269651119
42,0.002938898,0.000105328,0.8498601989726249,0.012756964972083989
43,0.002683419,8.212658878293268e-05,0.8305969178750244,0.013145175385612851
44,0.002153938,7.192848869793383e-05,0.7730509135834581,0.015226539
45,0.001785969,3.9391137805225445e-05,0.7047597373041163,0.016757125219576303
46,0.0012733,2.619782475249803e-05,0.5721600884322777,0.017960043
47,0.001071674,4.6094001656718365e-05,0.46947135704532156,0.019026689
48,0.000883319,3.1341872320151426e-05,0.38209571493595157,0.017084379698396476
49,0.000818891,3.6298594541345535e-05,0.3352948826321606,0.018358745716429856
50,0.000992711,3.766762813697799e-05,0.43889394629039585,0.014725295312568045
51,0.001202117,4.278473566990822e-05,0.5431107354184277,0.016630466260011724
52,0.001069071,3.461386921675731e-05,0.48208596137590204,0.016968724255536555
53,0.000959722,3.023437222638834e-05,0.4385038038884191,0.017029783
54,0.001240994,4.982742604993839e-05,0.5407373691397358,0.018054730994696004
55,0.001370334,5.6891103821604425e-05,0.5918460237986864,0.01877731
56,0.001113863,3.778166797204784e-05,0.500422654,0.015930718
57,0.000884481,2.9235021373957638e-05,0.39340984459327655,0.013116219
58,0.00069665,2.1697211360631677e-05,0.28779504519149485,0.007696178
59,0.000577794,1.9130465807388732e-05,0.21207490734117956,0.00663895
60,0.00051899,1.4724261525667021e-05,0.18756095975030873,0.006333541
61,0.000360845,9.732427632226626e-06,0.10880096235125811,0.003508283
62,0.000266144,7.08315001025169e-06,0.063674491,0.001785819
63,0.00022348,8.274093902709348e-06,0.043387086,0.001861443
64,0.000192952,5.970230652579428e-06,0.032137980362832386,0.002292297
65,0.000232397,8.339193147064829e-06,0.051937707,0.003127041
66,0.00025364,9.137360961194402e-06,0.061398661,0.004298119
67,0.00025996,8.061322778704848e-06,0.066194161,0.003915171
68,0.000278867,1.1559521166129735e-05,0.072176344,0.004097502
69,0.000289544,1.452518803070188e-05,0.074468431,0.00501714
70,0.000253751,1.1042228763640833e-05,0.058228753,0.003144344
71,0.000234057,7.490512425532625e-06,0.052734248,0.003237858
72,0.000217677,8.07471452981456e-06,0.041777748878340557,0.003263992
73,0.000237564,7.604388496359923e-06,0.051043631,0.002332199
74,0.00019235,6.467694605010444e-06,0.031113856557643513,0.002136822
75,0.000231429,1.4855486588095369e-05,0.042525522,0.004455631
76,0.000242105,1.3986331539412133e-05,0.048361401911697736,0.003871047
77,0.000216562,1.0057154326018897e-05,0.03849405,0.002423729
78,0.000209321,1.0368301848659237e-05,0.035356655,0.002629933
79,0.000265706,1.311508009933125e-05,0.061284869,0.003501489
80,0.000273718,1.1584811685115147e-05,0.066844398,0.003441281
81,0.00024491,1.0567873990743835e-05,0.054294817608427026,0.004325145
82,0.000281822,1.1606238970240176e-05,0.073541843,0.005219739
83,0.000369045,1.37406140917018e-05,0.10789063007997922,0.004882327
84,0.000347186,1.1600542879186431e-05,0.097551856,0.002919796
85,0.000331499,9.97615524431432e-06,0.096869107,0.005168818
86,0.000418276,1.1150944304604909e-05,0.13559074062032644,0.005175371
87,0.000447702,1.540935275728374e-05,0.14301970219129978,0.004928304
88,0.000435383,1.3396056128321414e-05,0.13950842057350926,0.004724286
89,0.000414141,1.2614157220094045e-05,0.13038884192730343,0.004873605
90,0.000336385,9.207008444786735e-06,0.093764224,0.003311407
91,0.000350066,1.0435716472054126e-05,0.11548215098510957,0.009692604
92,0.000256846,7.286964704200714e-06,0.06339814,0.003723198
93,0.000211799,7.549571564968018e-06,0.039762013,0.002263178
94,0.00018584,6.818151366757639e-06,0.025277976,0.001776479
95,0.000207696,7.429566524524295e-06,0.037957605,0.002609142
96,0.000197382,7.088553212693048e-06,0.032463099031146345,0.002675092
97,0.000299363,9.746281057252068e-06,0.080515638,0.004041604
98,0.000319009,8.61474164614913e-06,0.088285974,0.004185205
99,0.00043371,1.4492395359400443e-05,0.1404187528447882,0.006756701
100,0.000428735,1.4260548325092637e-05,0.13177059626763762,0.004439268
101,0.000479096,1.653839144902259e-05,0.1555367709213862,0.00455127
102,0.00049914,1.6229554590524512e-05,0.1681026074517198,0.004756011
103,0.000370655,1.1565554911121726e-05,0.1056635672020287,0.003447117
104,0.000382806,1.3864093266220972e-05,0.10868717081734836,0.004184788
105,0.000462412,1.736344740342101e-05,0.14458027179920666,0.004333559
106,0.000401998,1.384772061152581e-05,0.11613238832173743,0.002760139
107,0.00035387,1.0650314034679648e-05,0.098836075,0.002367283
108,0.000424453,1.4875112346260447e-05,0.1282918265166785,0.003399343
109,0.000520648,1.848722879211301e-05,0.17614929449248978,0.004339376
110,0.000480631,1.4553384670273952e-05,0.16132388321737437,0.004039304
111,0.000468694,1.3004956006733542e-05,0.16026724754535404,0.005390275
112,0.000569275,1.813784794938109e-05,0.21048182586644112,0.005976704
113,0.000644177,2.215704311857918e-05,0.24782170492229663,0.006374533
114,0.000578117,1.7587246544515082e-05,0.21782950777033622,0.006964529
115,0.000592741,1.8364616622161127e-05,0.23223226477664355,0.010644531
116,0.00040461,1.0597397283741644e-05,0.12258599388776899,0.002076547
117,0.000450102,1.1665269131140338e-05,0.14739254828012222,0.003623101
118,0.000400338,1.0407769568283575e-05,0.12260224982118473,0.003504441
119,0.000296758,8.725542117686756e-06,0.077199428,0.002482861
120,0.000246814,7.7817496639268e-06,0.054912543,0.002022527
121,0.000316874,9.961308256668709e-06,0.085229859,0.002919833
122,0.000385253,1.2429560016363834e-05,0.11899343260289996,0.005370609
123,0.00056043,1.8736285897841847e-05,0.21212367514142652,0.011168845788079291
124,0.000752744,2.6008001328504258e-05,0.319201509,0.016643879992949757
125,0.000644187,1.8826916200800207e-05,0.25065023733662783,0.006099409
126,0.000632949,1.909611385172467e-05,0.24707393198517455,0.007369995
127,0.000735346,2.1485397594379422e-05,0.3068144872878599,0.006422041
128,0.000799933,2.261987345010867e-05,0.349437545,0.00883627
129,0.000793684,2.2323402365271397e-05,0.34706417842512527,0.00931021
130,0.000676487,1.9675133473742005e-05,0.2768222901358996,0.008796764
131,0.00071792,2.1688352154428115e-05,0.30091358345796215,0.011949829175652432
132,0.000815851,2.2705360525954533e-05,0.36175954223291495,0.012385093061324097
133,0.000772898,1.946697826751649e-05,0.3407406203264191,0.012148631358644447
134,0.000707972,2.0564466899034912e-05,0.2989303595812471,0.013643222
135,0.000856525,2.7360666535011608e-05,0.3740977956954287,0.014968495109669001
136,0.000882017,2.4970882653682677e-05,0.39389752259574734,0.012169811295515068
137,0.000707675,2.20374225582903e-05,0.2848202093764224,0.005563131
138,0.000745569,2.000950230409213e-05,0.3152513167306067,0.00870284
139,0.000790119,2.2198561238506688e-05,0.33742441,0.005750495
140,0.000631639,1.9202932957636747e-05,0.23910852461148313,0.003905394
141,0.000560682,1.771796024494174e-05,0.20030561154821497,0.004806277
142,0.000466962,1.4467461399597812e-05,0.153033357,0.005630632
143,0.00044624,1.5240574430461041e-05,0.139362117,0.004678469
144,0.000480126,1.6391020696950487e-05,0.15864165420378432,0.00506274
145,0.000528338,1.6009901982475193e-05,0.18630925287730019,0.004227035
146,0.000643511,1.798313793865785e-05,0.25715261070290646,0.006867274
147,0.000816181,2.5525147682458548e-05,0.34534104948306127,0.010359576732750871
148,0.001027299,3.992609969563282e-05,0.44581897392548264,0.015008857213410358
149,0.001450345,7.382231198708618e-05,0.61388907,0.022125769507216893
150,0.001491989,7.252426757229457e-05,0.6175466545289031,0.023420214750652084
151,0.001630228,7.090844245679216e-05,0.6695168736588856,0.019044101
152,0.001111887,4.151640912712618e-05,0.49405032836985496,0.018826697306053318
153,0.000865363,2.228841784291484e-05,0.3893133493725209,0.014707282589653422
154,0.000786834,2.5398533081065635e-05,0.3420410949996747,0.016368582348813596
155,0.000616195,1.957388890420181e-05,0.23554847519344563,0.008151395
156,0.000581684,1.9255450483316775e-05,0.21672410429806865,0.00675093
157,0.000575362,1.94780159174042e-05,0.21417192275180436,0.007053247
158,0.000591252,2.181151895293231e-05,0.21392808375056882,0.005601635
159,0.000719912,2.6365156497621857e-05,0.2823330515638207,0.007506374
160,0.000733654,2.5914215870499962e-05,0.29221665908056443,0.006506992
161,0.000872454,3.334069787578394e-05,0.3654821509851097,0.008000953
162,0.000868241,3.362054608293021e-05,0.3635802067754731,0.008318033
163,0.001034933,3.8326107825976214e-05,0.45263021002665965,0.00954592
164,0.001080626,4.08380061575679e-05,0.4750796540737368,0.010321687964572468
165,0.001040324,3.9367761754449786e-05,0.4508420573509332,0.010143004545344371
166,0.001128994,4.029113494905367e-05,0.49899213212822685,0.008865615
167,0.001256156,4.602689881373482e-05,0.5563105533519733,0.010701317
168,0.001254384,4.6455914402888296e-05,0.5532056700695753,0.010900497873011807
169,0.001270745,4.5635524433763274e-05,0.5614311723779181,0.009622345
170,0.001433933,5.06751790641232e-05,0.6321932505364459,0.009374154
171,0.00153695,5.4744435605965906e-05,0.673402042,0.010066049
172,0.001507824,5.480864064784185e-05,0.6587066779374473,0.010460575
173,0.001600178,5.7079372460153486e-05,0.696615515,0.009946498
174,0.001760273,6.114799882653697e-05,0.7561122309643018,0.009903763
175,0.001795975,6.299715257516372e-05,0.7694095844983418,0.010787931363363033
176,0.001793092,6.402387251640626e-05,0.7664184927498535,0.010536589496360103
177,0.001931242,6.76080632012734e-05,0.8153163404642694,0.010290214
178,0.001879274,6.417197899129613e-05,0.7997106443852008,0.009339297
179,0.00194424,6.46927979549843e-05,0.8242733597763181,0.008770308
180,0.001945778,6.433731334270037e-05,0.8260777683854605,0.00816453
181,0.001736377,5.604330875882346e-05,0.7528935561479939,0.007780725
182,0.001643321,5.161089267932153e-05,0.7189836790428505,0.00788248
183,0.001426082,4.7346494477152634e-05,0.6321769946030301,0.007859088
184,0.001288279,4.273410418107379e-05,0.5732004681708822,0.007172758
185,0.001155846,3.64353278234058e-05,0.5152643214773392,0.006114009
186,0.001035994,2.9317396533417986e-05,0.45929514272709554,0.006015609
187,0.001060413,2.8658513611617537e-05,0.47438064893686194,0.006399822
188,0.001145679,3.3484333421821626e-05,0.5179953182911765,0.007771219
189,0.001012598,2.550110734050703e-05,0.45636907471227006,0.007447655
190,0.000876751,2.3977568920381828e-05,0.3778204044476231,0.007704045
191,0.000904144,3.2297939167836015e-05,0.3866148644255151,0.013998879592525744
192,0.0009719,3.928819380440776e-05,0.41537161063788275,0.017332097
193,0.000998241,2.8145610221865706e-05,0.4443559399180701,0.011498051265307872
194,0.001064571,3.394947527626996e-05,0.4746732557383445,0.007114765
195,0.001029572,3.629113644719257e-05,0.451866181,0.008630757
196,0.00102306,3.751636495729977e-05,0.4442096365173288,0.008599649
197,0.001177345,4.016213433216202e-05,0.5248553221926001,0.008357527
198,0.00123552,4.1886059301482993e-05,0.5543598413420898,0.008751524
199,0.001210373,4.336789414616886e-05,0.5377625333246633,0.010016437
200,0.001310491,4.6058852316932416e-05,0.5812471552116522,0.009651759
201,0.001456814,4.8846403784756905e-05,0.6452792769360818,0.008552768
202,0.001459888,5.049063549762241e-05,0.6459620261395409,0.009529758
203,0.001494045,5.250198704412961e-05,0.6576988100656739,0.009865722
204,0.001633776,5.61799202587363e-05,0.7114246700045519,0.009161
205,0.001700899,5.644857449032243e-05,0.7394986670134599,0.008836187
206,0.001709308,5.6974049401712234e-05,0.7424084790948693,0.009950891
207,0.001834393,6.253788989663881e-05,0.7830645685675273,0.010046668
208,0.00193046,6.553590044504518e-05,0.8160316015345598,0.008995542
209,0.00190601,6.47446694393567e-05,0.8094967163014499,0.008875944
210,0.001946339,6.427294742536894e-05,0.8233630275050392,0.008250469
211,0.001848295,6.070877930327888e-05,0.7910624878080496,0.008187413
212,0.001950646,6.390083719875141e-05,0.8253625073151701,0.007716846
213,0.001887447,6.005076072051758e-05,0.8058716431497496,0.007058861
214,0.001932332,6.518702615822034e-05,0.8189739254828011,0.008789849
215,0.001763867,5.8467413172394824e-05,0.7621106703946942,0.008527313
216,0.001599444,5.1946685649399616e-05,0.7023213472917613,0.008785454
217,0.001515952,5.012332382747288e-05,0.6678750243839003,0.007903905
218,0.001325665,4.340668391848907e-05,0.5933090578060993,0.006868089
219,0.001194352,3.981316051922996e-05,0.530870018,0.007523108
220,0.001043422,3.298788575443473e-05,0.45997789193055444,0.005396474
221,0.000905659,2.8487454023198625e-05,0.38455036088172173,0.005963484
222,0.000953173,3.269775542095919e-05,0.40966577800897336,0.006446327
223,0.001020594,3.491675769695015e-05,0.43895897002405887,0.006441477
224,0.001174609,3.8802989922676795e-05,0.5173288250211329,0.007001785
225,0.001210432,4.017749842289651e-05,0.5342512517068728,0.00800246
226,0.001209433,4.1765537695843414e-05,0.5298784056180506,0.008420559
227,0.001343077,4.577918563513843e-05,0.5915859288640353,0.007621605
228,0.001473723,4.896239929897708e-05,0.6483028805514012,0.007734665
229,0.001472283,4.8822714463702726e-05,0.6476688991481888,0.007630292
230,0.001533064,5.1296522588556425e-05,0.6720690552051499,0.007353877
231,0.001691351,5.64013958203557e-05,0.7332726445152478,0.007466871
232,0.001756635,5.7690154218969224e-05,0.760062423,0.007447793
233,0.001748303,5.7375026237028784e-05,0.7565836530333572,0.007294207
234,0.001862841,5.912212486277334e-05,0.8020027309968136,0.007029763
235,0.00203372,6.353494582908278e-05,0.8512094414461274,0.007396705
236,0.002284165,8.051286526393944e-05,0.8766174653748618,0.007889952
237,0.00253864,0.000111436,0.8841114506794984,0.011977749304233811
238,0.002289499,7.748306256616125e-05,0.8873788932960535,0.006921876
239,0.002124855,7.408106673542574e-05,0.8602802522920866,0.007969482
240,0.00191662,6.403771488092123e-05,0.813235581,0.007959294
241,0.001919261,6.527159345657725e-05,0.8128291826516678,0.008566591
242,0.001695246,5.691404263992847e-05,0.7339553937187071,0.007940888
243,0.001523304,5.010623088522197e-05,0.6694193380583912,0.007633154
244,0.001338184,4.466498500386548e-05,0.5932765459392679,0.007812748
245,0.001165691,3.909905228600459e-05,0.5153130892775865,0.007089805
246,0.001001571,3.5373638937773005e-05,0.43053839651472786,0.006694195
247,0.000865105,3.0324394440260513e-05,0.3580694453475517,0.005994652
248,0.000886364,3.189549661100324e-05,0.3658885493205019,0.006892477
249,0.000879222,3.419547676292719e-05,0.3568502503413746,0.007692387
250,0.001029695,3.5298510204763013e-05,0.44377072631510495,0.006616736
251,0.001133362,3.805964437981264e-05,0.4925385265621952,0.007459002
252,0.001132032,3.98393342226158e-05,0.4864750633981406,0.007939261
253,0.001193128,4.222487963330891e-05,0.520384941,0.007892249
254,0.001339109,4.5478051058874035e-05,0.5887573964497043,0.007651462
255,0.001406664,4.843372850120186e-05,0.6173515833279147,0.007649229
256,0.001425002,5.030852944581492e-05,0.624406658,0.008345621
257,0.001506918,5.270180899334846e-05,0.6584790948696274,0.008348154
258,0.001637175,5.624632919728467e-05,0.7098478444632291,0.007618376
259,0.001715989,5.889153785617488e-05,0.7436439300344626,0.00849572
260,0.001699237,6.033515119268765e-05,0.7331425970479226,0.008865706
261,0.001820895,6.273373160738979e-05,0.7805123870212626,0.00814984
262,0.001917211,6.424580764265694e-05,0.8165355354704471,0.007927284
263,0.001850707,6.157546428833199e-05,0.794248651,0.00735583
264,0.00181312,6.0583072698060034e-05,0.7794720072826579,0.007566173
265,0.001665003,5.5545801361801994e-05,0.7226087521945509,0.007314184
266,0.00170439,5.7610639939053584e-05,0.7368326939332857,0.007899499
267,0.001882303,6.655019955300101e-05,0.8020027309968135,0.00947935
268,0.001902679,6.661566364414592e-05,0.8111060537096039,0.008952792
269,0.001760445,5.9558904981531785e-05,0.759070811,0.007915959
270,0.001645538,5.5107768772268934e-05,0.7150334872228364,0.007916138
271,0.001456476,4.76802456372803e-05,0.6401424019767215,0.007432804
272,0.001296997,4.368026222975667e-05,0.5751186683139345,0.00751517
273,0.001077291,3.7049057231054284e-05,0.4672280382339553,0.006610775
274,0.000938188,3.1727420620778465e-05,0.39906690942193895,0.006122969
275,0.000776097,2.6479959748384836e-05,0.3109760062422784,0.005824856
276,0.000849118,2.9454395711628005e-05,0.347763184,0.006532619
277,0.000701862,2.4491115173324057e-05,0.2671337538201443,0.005802854
278,0.000928006,3.060801828272969e-05,0.38723258989531173,0.010889992573916808
279,0.001064453,3.791921565157899e-05,0.45168736588854946,0.013626251365870787
280,0.001071477,3.534363281667374e-05,0.45776708498601976,0.008888593
281,0.00119653,3.976146862287646e-05,0.521490344,0.007670935
282,0.00120878,4.012419652023466e-05,0.5271311528707976,0.00801558
283,0.001221376,3.998172673380879e-05,0.5358768450484425,0.007693447
284,0.001386841,4.3544625970214175e-05,0.6151082645165485,0.006370112
285,0.001427695,4.652658058702615e-05,0.6323070420703556,0.006182556
286,0.001304452,4.357968697943974e-05,0.5771669159243122,0.006464516
287,0.00121163,4.0682312981218885e-05,0.5323167956304052,0.00656242
288,0.001240045,4.374196123933083e-05,0.5457441966317705,0.007714763
289,0.001098967,3.790900346646159e-05,0.477485532,0.007493094
290,0.001011123,3.6706203955013106e-05,0.43221275765654465,0.008338752
291,0.000907442,3.111574980700878e-05,0.38352623707653294,0.007027441
292,0.000747335,2.3789114141360977e-05,0.30164510046166837,0.005523865
293,0.000722619,2.6148848755235458e-05,0.2810000650237336,0.006610289
294,0.000693916,2.086228380646663e-05,0.2819754210286754,0.008382158
295,0.000701252,2.3569367754696166e-05,0.2894206385330645,0.010238841239718938
296,0.000661157,2.2993606587573236e-05,0.25703881916899657,0.006708885
297,0.000569877,1.9220657072025285e-05,0.2044021067689707,0.004244145
298,0.000532231,1.776298695834625e-05,0.18460237986865205,0.003999562
299,0.000595072,1.883859555284999e-05,0.2204304571168476,0.00436952
300,0.00059352,1.9266789887743397e-05,0.21908121464334487,0.003840443
301,0.000477146,1.6550723247899168e-05,0.15244814357240388,0.003465764
302,0.000463849,1.4206700818724028e-05,0.148205345,0.002814542
303,0.000605339,1.935118279084968e-05,0.22555107614279216,0.00369516
304,0.000601788,2.034994912232003e-05,0.22423434553612068,0.005560717
305,0.000497059,1.6616438261028385e-05,0.1652903309708043,0.004109244
306,0.000594134,1.813703363478201e-05,0.21916249431042328,0.004369546
307,0.000708544,2.118516915674067e-05,0.2922816828142272,0.007590037
308,0.00068805,1.9111778280638115e-05,0.28478769750959076,0.008776029
309,0.000668468,1.782789349902286e-05,0.2747252747252748,0.008382493
310,0.000831289,2.072455041416604e-05,0.36712400026009495,0.013062129111921512
311,0.000987775,2.5287759223712453e-05,0.44264906690942185,0.015631217158104064
312,0.00099465,2.7666058182485315e-05,0.44190129397229994,0.016610427344743255
313,0.00098161,3.166049923335924e-05,0.42888029130632704,0.01827231
314,0.00100663,3.5189972933184e-05,0.434537356,0.018420747991317626
315,0.000920056,2.0921105233182074e-05,0.417663697,0.015244114081415062
316,0.000752229,2.0669225740914017e-05,0.3224364393003446,0.010751824504772965
317,0.000739981,2.4965869337591215e-05,0.30530268548020006,0.008002588
318,0.000705884,2.7722276539489028e-05,0.27137655244164127,0.006768358
319,0.000762251,3.0845974781908045e-05,0.29951557318421207,0.008190741
320,0.000828592,3.0728491193126125e-05,0.34083815592691313,0.007396196
321,0.000821629,3.1034276765792326e-05,0.3369042200403147,0.007225765
322,0.000933755,3.383390402645629e-05,0.3991481890890175,0.00798326
323,0.000945427,3.55304800213099e-05,0.3987092788867935,0.008130858
324,0.001065659,3.879366220715461e-05,0.4604655699330255,0.008850328
325,0.001170575,4.1649721432749336e-05,0.513362377,0.008728897
326,0.001199151,4.022625464865857e-05,0.5281227648091555,0.007948945
327,0.001368743,4.9008685781379243e-05,0.603777879,0.008526968
328,0.001391374,4.901157785609672e-05,0.6150594967163013,0.0084798
329,0.00157199,4.987266633098868e-05,0.6901293972299888,0.007403936
330,0.001498129,4.854344263441523e-05,0.6577313219325054,0.00714025
331,0.001624643,5.370639407867766e-05,0.7078646205865143,0.008575912
332,0.001795128,6.0948824882385894e-05,0.7699297743676443,0.009040454
333,0.001918497,6.728807656317962e-05,0.8120814097145459,0.010067287008617325
334,0.001988189,7.006123977649181e-05,0.8341732232264777,0.010018776170142797
335,0.00221655,8.043504422809178e-05,0.8711717276806035,0.009961154
336,0.002220798,8.08337371249209e-05,0.8705377462773912,0.010064843
337,0.002191471,8.294508231241601e-05,0.8605566031601543,0.010837797
338,0.002800174,0.000113971,0.905146629,0.008598703
339,0.003028556,0.000125642,0.9137947850965605,0.007507495
340,0.003711297,0.000164993,0.9291891540412263,0.007012116
