,DFI,DFI_err,DFI%,DFI%_err
0,0.004891889525187419,0.0002189377143999199,0.9568128664338575,0.009139525036512015
1,0.004248067296875997,0.00018727441158762525,0.9343542754621474,0.009541546015495608
2,0.0035315883303043707,0.00014980662473165686,0.8993047768557973,0.011419932059733415
3,0.0032953205611655277,0.00013403309005611085,0.872633197706084,0.014505757859749321
4,0.002982355849233089,0.0001069073581012553,0.8561817191554805,0.014133254893862596
5,0.002828418881156201,8.84213747994147e-05,0.8479800083298626,0.014037562271229369
6,0.0033878380223968056,0.00011283322082641211,0.8926408868099828,0.012233814718234282
7,0.0036729401799881446,0.00013534528277645187,0.9073783359497645,0.01205518658793848
8,0.003420705398678495,0.00012153185380790678,0.8866017364559643,0.013695982122704686
9,0.0036100897247578023,0.0001253204563541773,0.9064332169288436,0.01205054983137582
10,0.004186577036155248,0.0001567776919969502,0.9373017652901039,0.010256618136143016
11,0.004222871685818752,0.0001625439411526647,0.935795982443212,0.01060589761352527
12,0.004031603376760224,0.00015054496232905755,0.9296607182904562,0.010957452105360515
13,0.004421562463099226,0.0001658999334783121,0.9525998782558548,0.008538923221229072
14,0.004006059405172911,0.000140819588688458,0.9407458430782046,0.008538771626858581
15,0.0037852005552465443,0.00012248558275001193,0.934658635824817,0.007993601586315324
16,0.003321104756302168,9.962077836064852e-05,0.9025245891135106,0.010071978007331363
17,0.0031241009748586286,8.95654827995096e-05,0.8938423092942042,0.009548970563679588
18,0.003186380018567758,0.0001019260702377399,0.8944189920866306,0.009566901752224254
19,0.0028915077479014363,8.890201979730062e-05,0.8605228590651329,0.012260180160340637
20,0.002515342213843881,7.241735871740956e-05,0.8300708038317373,0.013606627201863383
21,0.00257808021580375,8.605099732589692e-05,0.8386890077852174,0.012153635819519252
22,0.0025514473108966956,8.887152137152422e-05,0.8255374363246086,0.014350534473136717
23,0.0022098479001216044,7.172353676959317e-05,0.7731233780796463,0.01751092370831154
24,0.0020995824188242695,7.539434798517035e-05,0.7575209047512256,0.01694752412496567
25,0.0023334826478946602,8.998727293593445e-05,0.7906160894499082,0.016568591835551063
26,0.0025945785251496748,0.00010304884331874007,0.8327459712299359,0.012425509109073639
27,0.0030091519209903736,0.0001277650257676562,0.8780636273347643,0.009135996367708552
28,0.0033253305618551883,0.0001245891170069183,0.9164610899304776,0.005946940945284422
29,0.003286181516928694,0.00012684360778766516,0.9004901803735621,0.00889285436065988
30,0.003613828814225307,0.0001459688123112327,0.9218114247268765,0.008371225026394535
31,0.0035055368142062338,0.0001460314151360609,0.9084355877358791,0.010680202389135434
32,0.0038882334531164975,0.0001539702724204844,0.9342101047640403,0.009068463476486667
33,0.003709898603347891,0.00014042569336091576,0.9211226091692565,0.009915196767110996
34,0.0032037195159878525,0.00012095623180963107,0.8784000256303461,0.01355500462104449
35,0.0034704886408140714,0.00012943055503458574,0.8975907474449752,0.013485411087122196
36,0.0037677204530689565,0.00013846843835932027,0.9173261141191169,0.012215347690041426
37,0.003330414920361372,0.00011609718339696647,0.8845673277160161,0.0139818289044954
38,0.003103370811478829,0.00010714061611559013,0.8606990676961525,0.016462576472772304
39,0.0035895044651497866,0.0001307059260080009,0.8976548233108003,0.014541680943315519
40,0.0036201231627222444,0.00013326216673126615,0.897927145740557,0.014682285538063486
41,0.0031138090831481194,0.00011216914477234643,0.8507192515938868,0.01779895901604024
42,0.0033552799210377735,0.00012802490866449005,0.8664979335533273,0.017846840211775718
43,0.003852020381733439,0.00015468095743959533,0.9035498029667125,0.015068080904137193
44,0.0036193565520916517,0.00014932863540081774,0.8823086534456801,0.01689275945279902
45,0.0032481091075215866,0.00014004372927393097,0.8406593406593408,0.0206044898654452
46,0.0027978406734912704,0.00011515750870221712,0.8031589401851792,0.021519225259977414
47,0.0023058628421702455,9.995808443135673e-05,0.7300163393457857,0.024598210693273382
48,0.002080077824251153,7.455249808896108e-05,0.7222151026815753,0.020319206628614736
49,0.0016593214536148346,7.122101260264633e-05,0.6190529587031046,0.02386219796460787
50,0.0016749395749542108,8.718700089972198e-05,0.5972191074231891,0.02814178392602
51,0.0016323359883135126,7.297906756419574e-05,0.6104667926825361,0.026746168667688707
52,0.0015481113634782091,4.753530197662777e-05,0.6282959023483803,0.019483058467659402
53,0.0017646317300507393,6.339460532160336e-05,0.670714125524621,0.02187928705670365
54,0.0018810832739538865,6.980518397148713e-05,0.6925159388716243,0.02209104595852623
55,0.0019351184396721648,6.244389913563992e-05,0.7290552013584084,0.019249888006847567
56,0.0019014914162914247,6.599534971232364e-05,0.7150706436420724,0.020872370562796626
57,0.0017624035398869295,4.7293947402030764e-05,0.6937654182552142,0.019109198395805795
58,0.0013262431704127427,3.0242188927672222e-05,0.5444045750168196,0.018109890401894254
59,0.0009826310333744149,2.556969751644875e-05,0.34557716336141986,0.012791347277375988
60,0.0008427564479108617,1.778180362876585e-05,0.24994393361740314,0.006136227910435779
61,0.0007305038657980078,1.627995233300679e-05,0.18916797488226061,0.006210315918983105
62,0.0006963516136711473,1.4840950791296093e-05,0.16778265466312112,0.0047155760989015345
63,0.0006404455731373793,1.265409377240858e-05,0.1388203633101592,0.003199729906455977
64,0.0005884791841542515,1.1449874472271029e-05,0.11618556370742952,0.0028438666246763072
65,0.0005137875936277078,1.0582413859928617e-05,0.08683881715951682,0.0029762369837593532
66,0.0006651667505280122,1.707673795579718e-05,0.1626565853971101,0.0081206550793529
67,0.0006317059782640949,1.9282301226508258e-05,0.1513311761125172,0.009743287961004316
68,0.0007225330004652573,2.6224902089264285e-05,0.21164258482042733,0.016586675067174185
69,0.0005400432437124039,2.1187582099753912e-05,0.10860859257360711,0.009072644445575224
70,0.0003812568678172354,1.2677037811738923e-05,0.048265145932784345,0.003931302267951047
71,0.000318496817916366,1.0955923224827487e-05,0.029090443084612127,0.0023013085064771555
72,0.0003340124485248197,8.621738125936843e-06,0.02790503956684708,0.001676065037852233
73,0.0003699254833872001,1.0299989852504309e-05,0.03895812642168321,0.0018059422160650702
74,0.00041247533305587903,1.1271868956048333e-05,0.0521737737481177,0.0022223412631456013
75,0.00031054261610564726,1.1878789273969832e-05,0.02468522730913396,0.0018598381088379234
76,0.00026843022696723266,1.2538016589602844e-05,0.015394226764489111,0.0017771429161318165
77,0.0003183955994047516,1.0088741706491722e-05,0.02508570147054105,0.0018572853910683302
78,0.00033212150714845377,1.404557574194615e-05,0.033079165732226884,0.002830808170300587
79,0.00028339515432194615,1.2060462446557318e-05,0.019238778713997304,0.0019196206286371548
80,0.0002977489686207429,9.05628876250909e-06,0.019607214942491853,0.0012442130602678325
81,0.0002985716468150494,8.83550705368096e-06,0.019575177009579284,0.0018251033057516592
82,0.0002968517299097682,1.16840117666356e-05,0.021417358152051987,0.0017834801031696146
83,0.00029671767945975164,8.387599534811946e-06,0.01776503380001915,0.001317668592008398
84,0.00033007582558095493,1.0542587932016023e-05,0.027568641271265067,0.002600550368984664
85,0.00036136078098617473,9.779022160690635e-06,0.036090731426008334,0.002426373765262874
86,0.0004049660329703198,1.0405930484078394e-05,0.04940249255118051,0.002194016291869086
87,0.00042254718100104174,1.2161121490807724e-05,0.0527184186076314,0.003254337571375081
88,0.00044078580705545156,1.267799882389201e-05,0.06035946560727898,0.003823876384484971
89,0.000529291721728367,1.2093341058949038e-05,0.09057123634383107,0.003664369457266152
90,0.0006012941536176462,1.3632991505557515e-05,0.12408291417037765,0.004615912121159874
91,0.0005702150916727934,1.2492880818497895e-05,0.10820811841219996,0.003865655380596631
92,0.0005571660405463855,1.1735705909113419e-05,0.10330631467657701,0.004262870072536625
93,0.0004467441337813923,1.0146447973315067e-05,0.06170505878960684,0.003218404866781106
94,0.0004959566548203974,1.0982161919879322e-05,0.07903758049530636,0.0028795262474449633
95,0.0004465251893994824,1.0210286679946504e-05,0.06144875532630631,0.0025077309829243033
96,0.0005484296485212067,1.1006361868819446e-05,0.10207285425944315,0.0036127976430343793
97,0.0005652341712110451,1.1674322086029463e-05,0.11072309614583664,0.00473385499990764
98,0.0008413135506270299,2.898585820622087e-05,0.2757825265113895,0.019251353102057344
99,0.0009192786975901275,3.641989657657974e-05,0.3172716496331657,0.02376925025312947
100,0.0009272190651372317,2.1339089715103087e-05,0.2990741037388267,0.01264976217786295
101,0.000895556618207776,2.216785437022994e-05,0.28135712683817654,0.012297889442845288
102,0.0009268383172114658,2.5857758171397778e-05,0.30508121615993344,0.013830183526287999
103,0.0009416346719879871,2.934308333986006e-05,0.3176721237945728,0.015512761933203913
104,0.0007960308843155758,2.4186792927026798e-05,0.2285586133982635,0.011477140014388047
105,0.0007924941577733243,2.2039633178481773e-05,0.2236568096626406,0.010280486838595601
106,0.0009070329626913213,2.63901417784976e-05,0.2962868035754332,0.013097218391163764
107,0.0008750952175579652,2.658088399821518e-05,0.2756383558132828,0.01272757485778594
108,0.0007794590029325198,2.0825493706981037e-05,0.21625604715983718,0.008542720883888725
109,0.0008479651938372222,2.17938250980388e-05,0.259186877262679,0.010136149177946394
110,0.0009759940304374964,2.6357841743024344e-05,0.33625412488386247,0.013303413395168906
111,0.0008812748886350756,2.3980123789677125e-05,0.27754461282158066,0.011376264019857325
112,0.0008228755350592726,2.0914154530748606e-05,0.24211065902028,0.009171746097276504
113,0.001015867766343526,2.507139685526498e-05,0.3614839970525101,0.012442893898755091
114,0.001111280492139225,2.829557599088971e-05,0.42085028673949954,0.013808953241935852
115,0.0010124773400954467,2.5317799926098195e-05,0.356518117451062,0.01208098251312387
116,0.0010324073297967406,2.3244736914604133e-05,0.3766059013872425,0.011448934371840282
117,0.0008331671210939307,1.8728319930613446e-05,0.24518630057988652,0.0076496289135269254
118,0.0008665734878379122,2.0145780657978366e-05,0.26404062409893314,0.008123598550447891
119,0.0008173529015163171,1.7346716238831722e-05,0.23358856886553672,0.006413271683508726
120,0.0007300739747977014,1.4370720660121339e-05,0.1863165988530419,0.005358129704720439
121,0.0006210700412372979,1.222152708448661e-05,0.13628936661006635,0.005041090664653965
122,0.0006942924576035515,1.3978209605744678e-05,0.17284464806330685,0.006587608087224382
123,0.0006932261099110395,1.4411915493153174e-05,0.1715631307468042,0.007046777958532172
124,0.0007673840494644417,1.4544823237983442e-05,0.20959215711402293,0.006879212677769587
125,0.0008113709201612311,1.5060879642185333e-05,0.2304648704065613,0.006161282211221333
126,0.000963716839073626,1.784325142492454e-05,0.32225354820107,0.009432378615735483
127,0.0009528200395912529,1.9384119215066803e-05,0.3193380963060262,0.009820814504506448
128,0.001111973611502657,2.4302354582771228e-05,0.4248710473200269,0.012946922055791505
129,0.001207275189704298,2.6146176909357518e-05,0.4916701374427321,0.01392115323403989
130,0.001169958227636806,2.8653491795856627e-05,0.46206708743151914,0.014936342370598068
131,0.0010099565654256165,2.4377996303807965e-05,0.35800788133149647,0.012899674726436938
132,0.001071015263534498,2.220751820186602e-05,0.4022843046166661,0.011701153437386437
133,0.001178562956646653,2.6132572870112716e-05,0.4734725915483935,0.013422380477873844
134,0.0010942242456317306,2.64285524443113e-05,0.4163489571652838,0.013548278726846835
135,0.0010177303377448279,2.142091281367156e-05,0.36678627494954025,0.010432273654323965
136,0.0011753338681717966,2.5027971461260772e-05,0.4743856726364016,0.011887714953223313
137,0.0012553611509208836,2.754672178916768e-05,0.522666837535642,0.012376979101254367
138,0.0011255674979447775,2.2778576603510684e-05,0.44268413801941486,0.010892314524047068
139,0.0011418114904310408,2.0830031894925193e-05,0.4531605420818249,0.010851824025785183
140,0.0012441894153383901,2.2742734842411347e-05,0.5142408611796365,0.011677928358548504
141,0.001058372314189535,1.9828455526161785e-05,0.39691795085381104,0.009457253147790137
142,0.0009495424739260387,1.7754226085385198e-05,0.32292634479223403,0.00817711570431912
143,0.000829355755971487,1.4693383669305334e-05,0.2458590971710506,0.006323718169655594
144,0.000758077777515836,1.3440583991381226e-05,0.2025117739403453,0.005980941411415156
145,0.0007523663838855309,1.3118361131726987e-05,0.20071764969724148,0.006089725738291326
146,0.0007815310703747652,1.4190780830927429e-05,0.22147823022458582,0.00815654354208648
147,0.0008247172283401516,9.921020544316432e-06,0.23482202928267065,0.005868544711364429
148,0.000950871235041689,1.3119243328532805e-05,0.3178963893249607,0.007695720371035049
149,0.0010806236459967797,1.530150484649482e-05,0.39914458719123436,0.008900439146770418
150,0.0010637694904380376,1.603178209789898e-05,0.38022618780636286,0.007271888980140471
151,0.0010472822100524933,1.5969697773239497e-05,0.36734693877551017,0.008081033623736437
152,0.0013245017060015177,2.9515163133679536e-05,0.5456860923333225,0.017554634027638107
153,0.0012778770782012978,2.7946764823757152e-05,0.5174126165379809,0.01761513013003782
154,0.0012197294493745139,2.7903694728460975e-05,0.4896837856021527,0.016774361601976245
155,0.0010996565043393605,2.165825499314094e-05,0.4251113318168712,0.012320594066208519
156,0.0009571954248442866,1.6530166806041015e-05,0.3297504245026111,0.009475267030119425
157,0.0009111862080720637,1.594557322637357e-05,0.2998910710280972,0.00938445659252002
158,0.0008864303793299056,1.5076328532510127e-05,0.2826706820875917,0.008949822347831262
159,0.0008291042630019287,1.385770494715397e-05,0.24529843334508056,0.007282399824153344
160,0.0009467870781029382,1.3395503192968373e-05,0.31450036843622853,0.007718389166125532
161,0.000971137043749802,1.229705561851201e-05,0.32771601576266296,0.007971249389123858
162,0.0011519069130256287,1.5333177429473366e-05,0.4497164642937237,0.0064437452693311865
163,0.0011483419711461934,1.6238836801845914e-05,0.44353314324159787,0.004951902185788829
164,0.001323106912049209,1.983214808002426e-05,0.5576042033767981,0.005964091617015427
165,0.0013698948039016364,2.094249878479842e-05,0.5838272514657356,0.0062542493688184705
166,0.0012871188181308288,2.144197302522683e-05,0.5356422003652324,0.006489160967897115
167,0.0013855018975892407,2.322716503764787e-05,0.5921731329894596,0.0066287533569503974
168,0.0015396396095800071,2.5986440684543813e-05,0.6676384839650147,0.007014609303253096
169,0.0015204158824198963,2.6474634353362896e-05,0.6578348764937688,0.007404612140577324
170,0.0014990232557609612,2.7400346105519863e-05,0.6473264344984458,0.007704803515633427
171,0.0016626156872137532,3.063092766942866e-05,0.715006567776247,0.007552246835896377
172,0.0017631408752534065,3.306716378060032e-05,0.7518341716592444,0.007677902115800712
173,0.001705489218443213,3.324819281332071e-05,0.7287988978951081,0.008038021258656054
174,0.0017852103891469362,3.581774552900074e-05,0.7581937013423891,0.008115981597567904
175,0.001957323440759827,3.891421772322484e-05,0.8119213148367668,0.007462096994890547
176,0.001973138847939662,4.029299066856078e-05,0.8156056771217118,0.007711891227151718
177,0.0019486310527713168,4.023231725902278e-05,0.8084131611828405,0.007737511239887653
178,0.002100147739161222,4.398634244811652e-05,0.8477877807323876,0.007325737224752156
179,0.002029729160637336,4.3252502449957066e-05,0.8302470124627557,0.007633094573385301
180,0.0020957012309348604,4.588070155911677e-05,0.8456572581937016,0.007940199491451642
181,0.0020616658211355756,4.7118626250804766e-05,0.8362220869509499,0.008350832645366903
182,0.0018640149755873706,4.052708445218236e-05,0.7820619613622533,0.00883881770812865
183,0.0017516826057129525,3.862918393491364e-05,0.7429596642424628,0.009537401097917512
184,0.0015462111258929634,3.2231811801745106e-05,0.6634415147534681,0.009336830642945734
185,0.0014067804981044282,2.9231852783734852e-05,0.5940313330983885,0.010005766401061844
186,0.0013135139980387503,2.554193366416308e-05,0.5424022042097848,0.009595268495469371
187,0.0011961015177319242,2.3243801531994274e-05,0.46086566494729775,0.009803683086990629
188,0.0012034116581664883,2.4331059286803265e-05,0.4646941979303496,0.011521775423622734
189,0.0012603640978136755,2.5771615798891535e-05,0.505750808957806,0.01151077101423336
190,0.0011605608878348943,2.4282255137618246e-05,0.4418831896966008,0.012099225268999075
191,0.001042431938632202,1.874820955634069e-05,0.3644475058469227,0.008958800392963814
192,0.0010591056104141943,1.7009948534074137e-05,0.3766539582866113,0.0070744148213865874
193,0.0010246375287634275,1.671300922573402e-05,0.35126389645340067,0.0076805750021235585
194,0.0011526329782541966,2.098158080791613e-05,0.4368532342293275,0.008908159904927715
195,0.0012693721422148976,2.2829069506304203e-05,0.5201038029026365,0.008357638590861518
196,0.0012258784239677827,1.9725971721216524e-05,0.4941210393105436,0.0068314735092199486
197,0.0012353797315810392,2.106020210235799e-05,0.49748502226636315,0.007133556306813475
198,0.001400961355554384,2.5578601992032308e-05,0.5974754108864895,0.008065807221582746
199,0.0014918552322093933,2.6178266326077026e-05,0.6450997981610226,0.007485576163227027
200,0.0015115431342914184,2.4866781553371803e-05,0.654631083202512,0.006680731038147538
201,0.0015619109599811468,2.794386455110391e-05,0.6763367827507766,0.007416809532190704
202,0.0016840249444397247,3.234989900473521e-05,0.7227597475410887,0.007941541630940843
203,0.0017518461257611398,3.171197663114288e-05,0.7486784352673567,0.007366668515684178
204,0.001776190376549394,3.2978882558514926e-05,0.7556787236087529,0.0075024223195212575
205,0.0018782127508616784,3.6321402821429574e-05,0.7896068945631632,0.007499937991590842
206,0.0019915756481830925,3.852640833732389e-05,0.8221414154358759,0.007058653351099294
207,0.0020546335496793777,3.833151504375736e-05,0.8390093871143437,0.0066530208872406975
208,0.0021119590836829456,4.179753978308871e-05,0.8514721430173324,0.006848543125200569
209,0.0021971659467685395,4.49172890542425e-05,0.8678915836350236,0.006790453548005425
210,0.0020973768536409346,4.362565255238346e-05,0.8466183961810786,0.007209594452425429
211,0.002121659341374895,4.35444071743634e-05,0.8496619998077724,0.007267996895931988
212,0.002017402734205044,4.34459652716181e-05,0.8229904206580596,0.007964027687625514
213,0.0020451648932115663,4.733773981005687e-05,0.8286290968506711,0.00838648167204094
214,0.001981366890997971,4.463939231046394e-05,0.8118091820715725,0.008549086927375086
215,0.0019909966421951916,4.6158301879807516e-05,0.8133630218178323,0.00906795537988589
216,0.001853296822729292,4.371961294465542e-05,0.7731233780796463,0.009993627082687823
217,0.001728027438969917,3.881306447476827e-05,0.7328997533079166,0.009865763706012042
218,0.0015916167273110798,3.43292122257754e-05,0.6807419985262552,0.009961589490251591
219,0.001461223259962526,3.051011154025065e-05,0.6211995002082464,0.010773919876561613
220,0.0012909229247266988,2.5880220184049595e-05,0.5236920513888446,0.010223783572440678
221,0.0011714095025680562,1.8938560176067103e-05,0.44905968666901613,0.007863117998855881
222,0.001074188128585365,2.335562529174726e-05,0.3804504533367507,0.011804383519048077
223,0.0010817335159021045,2.306846760988151e-05,0.3838785121583956,0.011434032096190441
224,0.0011073786423187076,2.2621590409119874e-05,0.3985839233652644,0.010856674933631068
225,0.0012488480939724714,2.44999552818088e-05,0.49263127543010926,0.010983745834056775
226,0.0013007987926927087,2.6170823305204067e-05,0.5270239964117513,0.010882482500817147
227,0.0012951280949424038,2.7042011114981253e-05,0.5210489219235571,0.0116888351601769
228,0.0013773100230241525,3.0131021479069777e-05,0.5691378592253228,0.012053009065026599
229,0.0015007115550548743,3.262285562498791e-05,0.6367378976708423,0.0108559836928523
230,0.0015143144458360602,3.2964017647883234e-05,0.6437702239451509,0.010700946697079432
231,0.0015598533910785547,3.5220442927813227e-05,0.6633614199211869,0.010995301316216774
232,0.0016832114365787744,3.944915435443654e-05,0.7114503572229521,0.01091440889519791
233,0.0017712776667636256,4.158708818987248e-05,0.7440809918944034,0.01026882194892883
234,0.0018012824025229227,4.250965859227034e-05,0.75495787011822,0.01016607526916012
235,0.001900861504199998,4.614275396617805e-05,0.7867875564668569,0.009899021963541326
236,0.002072083449727369,5.0243513658693033e-05,0.8273155416012555,0.0092177039126682
237,0.0022161861682929392,5.583457133592271e-05,0.8534264569249993,0.009141444342260538
238,0.0023983523501286044,6.225269320429731e-05,0.8793291256848107,0.00846232570348443
239,0.0023398160870514383,5.646916359467917e-05,0.8787524428923844,0.007616942843640775
240,0.002077961659786005,5.149277721090448e-05,0.8349565886009038,0.009155441558940259
241,0.0019772006521762554,4.6039255101983595e-05,0.811440745843078,0.008863002029046652
242,0.0019823423725963637,4.532117315962107e-05,0.8151571460609358,0.008526543053643443
243,0.0017895445872567885,3.9669640785026856e-05,0.7569282029923429,0.009052696071592327
244,0.001623658722812059,3.596708800303212e-05,0.6941819113830774,0.009677627604034752
245,0.0014674053542642178,3.070990419767326e-05,0.6276391247236729,0.00940202801806123
246,0.0012952795193826928,2.6943905210780973e-05,0.5243007721141832,0.010818703374341217
247,0.001167092424478113,2.3002790062708033e-05,0.44138660173645594,0.01006595619298199
248,0.0010486646685558662,2.0190418535822202e-05,0.35985006247396906,0.009673633543179813
249,0.0010100193770116045,2.0340623717998776e-05,0.3363822766155128,0.00995731303906824
250,0.000993692893309633,2.1171133554461535e-05,0.32572966392208386,0.010986743087886207
251,0.001151236114210531,2.236185494628288e-05,0.42672924742895607,0.010359247887632693
252,0.0011943029158739977,2.4137280515517874e-05,0.45519495082177275,0.010991148200126985
253,0.0011396125851267423,2.380067492960719e-05,0.4171338865216416,0.011524277479340156
254,0.0012240455387288048,2.574765002683359e-05,0.4740813122737321,0.011932583918254247
255,0.0013613373105543012,2.888569455811217e-05,0.5604876173389294,0.011433899435815862
256,0.0013898318816708008,2.837055005678262e-05,0.5807195719732164,0.010278429878038306
257,0.0013961223030535086,2.8845702760728824e-05,0.5844199532246184,0.010255888398002816
258,0.0015149872385758424,3.3710479265850504e-05,0.6435459584147631,0.01066837536403347
259,0.0016394037430978612,3.5960997505352794e-05,0.6976580271040916,0.009556558807458367
260,0.0016683549854473341,3.426819693950039e-05,0.7124915900426104,0.008447942164735716
261,0.0016873595353413947,3.531429025057184e-05,0.719459840451094,0.008890269819512459
262,0.0018208785252850663,4.0066350252798274e-05,0.7660910518053371,0.008837465365318903
263,0.0019097977575381671,3.952099016284021e-05,0.7976644346906738,0.007731676956106892
264,0.0018753049495990831,3.922864916702382e-05,0.7858264184794796,0.008008279935385294
265,0.001874839749274631,3.870661444421927e-05,0.785457982250985,0.00787660976876014
266,0.0017189100155098381,3.756913660498488e-05,0.7302886617755424,0.009011312136050189
267,0.001773464883933956,3.856777484966236e-05,0.7505526543427417,0.00877889184183193
268,0.0019456621925946769,4.242425168873473e-05,0.8059302213821168,0.00796705908730145
269,0.001991586270776732,4.319503487010021e-05,0.8198987601319964,0.007734966401019261
270,0.0018467052435389166,4.081817160754107e-05,0.7754461282158075,0.008718989025944738
271,0.0017238070979828093,3.761115102818893e-05,0.7324512222471407,0.00903820252259561
272,0.0015286604540263877,3.298914213625752e-05,0.6548553487328999,0.009524988450125674
273,0.0013994194391439235,2.8719487306988687e-05,0.5924454554192163,0.009173653067323257
274,0.0012143414060382433,2.3869487683908354e-05,0.473232307051549,0.00927797431501697
275,0.0011076681114587123,2.0022627493304024e-05,0.4033415564027807,0.007829101492950049
276,0.000920138677220831,1.67519521384414e-05,0.28483324255919,0.008382912877629281
277,0.0009412805942528727,1.9023410286227702e-05,0.2987377054432447,0.009209128751249074
278,0.0007680103911462913,1.6198975683360554e-05,0.2028001153365585,0.008704572011923775
279,0.0007730715240443769,1.5682018123013154e-05,0.20515490340563222,0.008599161633998379
280,0.0009653031336662844,2.0057998887456935e-05,0.3129945855893379,0.009884292503902546
281,0.0010517577240107877,2.0307894726197032e-05,0.3652324352032807,0.009409532654525278
282,0.001150970795397658,2.5181347028671517e-05,0.42834716304104065,0.011668278405778805
283,0.0011408505040252604,2.42265221872564e-05,0.4203536987793546,0.011129778641225411
284,0.0011982019241272845,2.4022619578863226e-05,0.4599045269599208,0.010075536564171985
285,0.0013624405707075961,2.6365240827944757e-05,0.5688655367955658,0.008983379322997944
286,0.0014346877453943507,2.8020207096215898e-05,0.6110434754749622,0.008417343551190153
287,0.0013079241364831729,2.6109177947006594e-05,0.5345208727132924,0.009413932860724042
288,0.0012605191086998274,2.518730661003916e-05,0.502755262230481,0.009600507525482747
289,0.0013271884400595543,2.6296901954741923e-05,0.5499631563771504,0.008739739899091175
290,0.0012078478387498892,2.343657491346166e-05,0.470909556915388,0.008912674241057928
291,0.0011748684933343173,2.0937112328031004e-05,0.4516547592349341,0.007218242981377702
292,0.0010297490655826374,1.8025158159583802e-05,0.35451574664402646,0.007878968815089715
293,0.0009018263975703265,1.4434136395718402e-05,0.2789542818697337,0.007501130085152008
294,0.0009744199262280834,1.9426446608817084e-05,0.3298945952007175,0.01092375516784957
295,0.0007349035851300596,1.431285166229947e-05,0.19229167334123598,0.007450289097832144
296,0.000656631732378421,1.615748350130039e-05,0.1534136417518341,0.008231699211539002
297,0.0006981313632844911,1.6708374376117435e-05,0.17209175663986162,0.008178480670377164
298,0.000679489630297811,1.3993549189440494e-05,0.1625284336654598,0.006462883069301413
299,0.00056770097295009,1.5109973156858117e-05,0.11219684105981476,0.0058638476437360264
300,0.0006001549949803802,1.8507506894725884e-05,0.12622945567551974,0.007675287363706141
301,0.0006881978331063726,1.939487173894892e-05,0.17040976516195178,0.008294051647021525
302,0.0006505929078290036,1.5358966524341133e-05,0.14956908980232594,0.0060784326527968825
303,0.0006076473525952274,1.616943681657364e-05,0.12735078332745972,0.005846302445850906
304,0.0007366290061858779,2.18846705188915e-05,0.1954634286995802,0.010060364681661271
305,0.0007882767971510575,1.961302910836645e-05,0.22452183385127988,0.009050069910671563
306,0.0007610528955113348,1.6406067783598777e-05,0.20276807740364586,0.006825188914856024
307,0.0008252460409813453,1.9005126025867932e-05,0.239067055393586,0.008929196636750172
308,0.0009341535711098,2.1865381310202002e-05,0.3075961938935699,0.01173503121081041
309,0.0009675125472613617,2.075477448541507e-05,0.3287091916829525,0.010276681026874785
310,0.0009872748405268992,2.286878488388583e-05,0.3386890077852177,0.010631829322675241
311,0.0010736112236536936,2.97872350767438e-05,0.39284913337391475,0.014272442048300485
312,0.0011704439788655435,2.8974986354418885e-05,0.4588793131067183,0.01457620069848447
313,0.0012005878950296705,2.517935028007853e-05,0.48080927818537134,0.012409241020437537
314,0.0011710496968727919,2.3081911273567664e-05,0.46381315477525387,0.012114342249910712
315,0.0012190673293032744,2.1540950058388586e-05,0.4945215134719509,0.010744373247631885
316,0.0012025420514880161,2.023645256201234e-05,0.48513439912856837,0.010909269514404414
317,0.001089886611997893,1.7798170095277884e-05,0.4161567295678083,0.01071949636599841
318,0.0010403982254924094,1.9322712385962953e-05,0.384407138051453,0.012436063357264718
319,0.0009989873107972725,1.8284171167083064e-05,0.3586966968891168,0.011830385775974337
320,0.0009916107372364648,2.016474441520498e-05,0.35022266363374244,0.01190536872276061
321,0.0010454644837132364,1.772759529152205e-05,0.3826450517412617,0.010085394501476845
322,0.0010265607782888146,1.739393251632653e-05,0.36824400089706216,0.010489171992945457
323,0.0011430028563965274,1.9040349983338067e-05,0.44010508441995305,0.008623079724251373
324,0.001155489582795572,1.898626166427414e-05,0.444366129497325,0.007212849242476173
325,0.0012534630265799787,2.1689324977190014e-05,0.5099477781693523,0.007187131455529471
326,0.0013288069974579533,2.49528717466693e-05,0.5563707429596642,0.007852706931739189
327,0.001286159554104591,2.547531048987524e-05,0.5252779290680166,0.008817064142679345
328,0.0014171617966517167,2.8520736035215908e-05,0.6030980681126453,0.008924402808826155
329,0.0013910483605586606,2.844367361825859e-05,0.5859097171050521,0.009464808887482084
330,0.0015324806621557071,3.291119286187104e-05,0.655560183256976,0.00962732894764398
331,0.0015221047528536967,3.246496666576375e-05,0.6515554416429054,0.009376003228004878
332,0.001675552461189686,3.641058794537257e-05,0.7136769935603753,0.009102357393614873
333,0.0018690169525338786,4.02174249989029e-05,0.7828789286515233,0.008549035566931389
334,0.002020210311060578,4.272118591440727e-05,0.8285009451190208,0.007837934399140954
335,0.00211902755628984,4.458442059854829e-05,0.8524973568705346,0.007314921488363272
336,0.0023243748038676844,5.0770304996419833e-05,0.8823406913785923,0.006791815090194036
337,0.0023362740198106407,4.796429720326055e-05,0.8843270432191708,0.006667791387592197
338,0.002363869249099134,4.4508872321734176e-05,0.8876269503091662,0.006388842338663784
339,0.0027150854807470627,6.514371637524489e-05,0.9126806138467946,0.006355756283137456
340,0.0027566483995374934,6.168385064720011e-05,0.9138019414987345,0.006560061774810163
341,0.002967548359378036,8.955452366948166e-05,0.9180950245090187,0.006795467192635033
342,0.0035693810377794405,0.00019959356084417294,0.920946400538237,0.006967962756737558
343,0.004802370182837906,0.00012300213908077572,0.9846217922019671,0.0018971939462149251
344,0.004199269681579868,0.00011093267572709559,0.9697561913305355,0.0029560701216694634
345,0.003526197867102091,0.0001064090350899361,0.9336654599045269,0.006040387648759166
346,0.0030956009003461375,0.00011580359621672289,0.8715439079870567,0.013558732217026997
347,0.0026325204499381533,9.583649294404829e-05,0.8125460545285622,0.017220374866989224
348,0.0022631639431153323,8.131368158797016e-05,0.7599237497196676,0.019058560731764
349,0.002586942579072654,9.277896846112668e-05,0.8232947810207288,0.014213099344261149
350,0.002992813327040658,0.00011276255676161462,0.8671386922115787,0.012920587819897637
351,0.0027454019689498654,0.00010331715015421561,0.8347163041040592,0.014285768213059324
352,0.002590247194068916,9.589566390505187e-05,0.8229904206580593,0.013707866802433305
353,0.0030939852269194247,0.00011883793130433709,0.8866337743888766,0.010241392962338
354,0.0033181894665659894,0.0001294344802214389,0.9042546374907886,0.009533369223669359
355,0.003025393021416222,0.00011342134286340925,0.878223816999327,0.010483222287437503
356,0.003048227215622949,0.00011676258565569047,0.8845673277160157,0.009737081320401832
357,0.0025559994778982928,9.659079072201034e-05,0.8252330759619392,0.013170191141105273
358,0.0022540203417434988,9.021360670249815e-05,0.7818857527312337,0.015019364877188409
359,0.002043025097563468,7.933533923400433e-05,0.7425752090475122,0.0168098182742963
360,0.0016782091861730257,7.480372205463015e-05,0.6428411238906866,0.01928526721058498
361,0.001812597743466284,7.074649013818404e-05,0.6887194438214848,0.01865992815526724
362,0.0018895690041259197,6.568211895545714e-05,0.7087271329253834,0.018205621898010622
363,0.001500970794033988,5.7940801439895863e-05,0.584580142889181,0.01969009830541476
364,0.0014169241942362406,6.014556074245529e-05,0.538765898824208,0.01974156669301921
365,0.0017369010972380539,5.680200856074711e-05,0.6688078685163235,0.019091144989033554
366,0.00162571395512122,5.345612870308793e-05,0.6299298369269217,0.020300286746825193
367,0.0013404211414950332,5.152024363847799e-05,0.5048697658027103,0.021214908865826523
368,0.0015514638452309405,5.8472657266730996e-05,0.5935988210040687,0.020392742571975247
369,0.0014825612364957339,6.287427863061201e-05,0.5689135936949349,0.01967508501842317
370,0.0018035897115340415,6.951623863994597e-05,0.6942940441482714,0.017791177590775357
371,0.0017600422781209833,7.595392333476659e-05,0.6776983948995612,0.017779255472677655
372,0.0019489260259315912,6.87078704997756e-05,0.7365200397270368,0.016307239139693595
373,0.0024071605634112684,7.478646927914579e-05,0.819258001473745,0.012765310570646763
374,0.0026820611436030803,8.182143851373895e-05,0.857142857142857,0.010708153950434039
375,0.0029626063619153844,9.178083184302848e-05,0.8930573799378458,0.008492494343198948
376,0.002641112160948389,8.241485706413865e-05,0.8512158395540322,0.010183408994733294
377,0.0024434520046366097,7.914580619222549e-05,0.8133149649184632,0.012494786761997138
378,0.002904272391636384,0.00010153137802353226,0.8776150962739889,0.009191732024954859
379,0.00301059202604038,0.00010664265777663947,0.887626950309166,0.008852465047772972
380,0.0026208543879820624,9.082800264163819e-05,0.8349886265338164,0.011554166608664602
381,0.002721993669975384,9.968649534014243e-05,0.8469067375772916,0.01086369489004864
382,0.0032181160638481226,0.00012308837086097982,0.9037900874635572,0.007759974183874836
383,0.0031321322494288293,0.00011821046916807701,0.8935539678979914,0.008605349087327407
384,0.0028592113258098604,0.00010758210535627625,0.8578156537340209,0.011373833185347175
385,0.0032719088255946443,0.00013146193254364556,0.9000897062121551,0.008668384610851567
386,0.003653592277414279,0.00014879552204442918,0.931086406305065,0.006890377590699709
387,0.003461963301280386,0.0001391278008070658,0.9135936949348028,0.008654897670027018
388,0.0033949476740540267,0.00013579244396719363,0.9080511325409291,0.008772399074706828
389,0.002867223063432847,0.00010685630374505664,0.8539711017845131,0.012614728768377175
390,0.0025897657102166276,9.374356995156465e-05,0.8116650113734662,0.016492698928999166
391,0.002212087912056416,4.974915043320761e-05,0.8171755358344277,0.010683023788855876
392,0.0024002836553622575,7.708784609137974e-05,0.8331464453913435,0.011358036396930674
393,0.0023512675942665307,8.418581233516342e-05,0.8144362925704031,0.015689683178441587
394,0.002302499182637634,9.888746037765193e-05,0.7719059366289688,0.019092097944057963
395,0.0019779333290875618,8.98319810490435e-05,0.6909620991253642,0.023966038833810398
396,0.0014185738923081879,5.554402427201771e-05,0.5612244897959182,0.02337915930941751
397,0.0013435308899615035,6.216558824905267e-05,0.5137602921859483,0.02999766176239911
398,0.0013802611341890657,6.162685190182615e-05,0.5338480761221288,0.0294185952967959
399,0.0012417032584846211,3.5234523736781213e-05,0.4993432223752924,0.0207601421435927
400,0.0011653998290645843,4.770048928805846e-05,0.4334411943741391,0.022871437537175687
401,0.0010690155169606086,4.378343954585577e-05,0.40145131836093945,0.023127412801903995
402,0.0009715096783559524,3.891710867562404e-05,0.3410918527536602,0.020541555548641115
403,0.0007845614802968913,2.5162633197950115e-05,0.2270688495178291,0.014166276476304083
404,0.0007647966286740111,2.0976844397253095e-05,0.21100182616217592,0.008511112702202958
405,0.0006816755272061946,1.5344202710885134e-05,0.16232018710152812,0.005942256904845428
406,0.0005175703923212119,1.5900459539302668e-05,0.08861692243616438,0.004694923171455195
407,0.0004753915792569306,1.599250028407674e-05,0.0713965334956588,0.00448257637930198
408,0.00037201073128259897,1.0943075740183285e-05,0.03639509178867773,0.0025210967225760867
409,0.0004265560221082616,1.1389474112403578e-05,0.05212571684874892,0.0021601569501810704
410,0.00036096311674581213,9.994651494781393e-06,0.03346362092717772,0.0021546935729653744
411,0.00039906627149351864,1.544059946773783e-05,0.04916220805433631,0.003634570563829212
412,0.0004124003736239549,1.6622130324764328e-05,0.053567423829814484,0.004132035048403723
413,0.0003142898150500034,9.331011072374277e-06,0.02367603242238805,0.001536973246755627
414,0.00030100721216125937,1.0824151676287791e-05,0.023756127254669475,0.001670004890144515
415,0.00034978783493463066,1.07464625182276e-05,0.03607471245955205,0.0025161666879703194
416,0.0003196188131971329,6.178637166343982e-06,0.030788453528978237,0.00309233182955349
417,0.0004682311107675746,1.3976789509692631e-05,0.07849293563579275,0.004256883734796472
418,0.0004397494807433516,1.631238321122242e-05,0.06876942299682817,0.004518815129948962
419,0.00032390777088982866,1.1358727114223556e-05,0.03344760196072144,0.0031285779225964216
420,0.0004180970343675187,9.620106134645666e-06,0.059814820747765306,0.003883225675295853
421,0.0004348830501971659,8.694641979819323e-06,0.06550155383974622,0.0038382222135405738
422,0.00039378844213234837,9.833095719776483e-06,0.05329510140005761,0.003934255117884675
423,0.0004558707424744628,1.0936833362207728e-05,0.07301444910774349,0.004430215974486173
424,0.0004932021514825208,1.0021949225005646e-05,0.0876878223816999,0.004483383468068561
425,0.0004541543234443933,7.195612321267118e-06,0.06713548841828723,0.003154675510429747
426,0.00046385644538112083,8.167052172225134e-06,0.06748790568032545,0.0024530832921630776
427,0.0005304836983604977,1.1377145144119835e-05,0.09564924871047317,0.004477931363300886
428,0.0005770719238869812,1.2651122138883349e-05,0.11378271873898695,0.004847451476425625
429,0.000597066323445432,1.4481914954648344e-05,0.12355428827732029,0.004864974735120595
430,0.0006663623950718627,1.7995985581614913e-05,0.15881203344760186,0.006514345553351835
431,0.0007068613916679814,1.936225866297807e-05,0.17814692596033702,0.00749348196147297
432,0.0008266562623662847,2.1680830944171854e-05,0.2501842181142472,0.00946283072987637
433,0.0008855201865632762,2.574903554026141e-05,0.2930830102841764,0.012819218650433397
434,0.0006934532295558143,2.2743985333222182e-05,0.17159516867971675,0.008075968289361518
435,0.0007142469859603068,1.696178579553123e-05,0.17877166565213207,0.0072836627523565544
436,0.000487893088575322,1.2979232375063038e-05,0.07367122673245116,0.003193823771983926
437,0.0004460208029543572,1.635963289206829e-05,0.062121551917470236,0.005121735081968892
438,0.0003733210787816923,1.7938167285112002e-05,0.043475474962355404,0.005139930847411386
439,0.0003697467423771935,1.703025675029211e-05,0.04007945407362308,0.005094387857366745
440,0.00031445516075176145,1.7425236569140467e-05,0.02753660333835257,0.00505748648195605
441,0.00042145763481858764,1.5917217747588383e-05,0.05095633229744014,0.004145032547572281
442,0.000462684361230011,1.7557543560659612e-05,0.06683112805561782,0.005323443709464723
443,0.0005947799178860834,1.7563983353909004e-05,0.116041393009323,0.005056584954584206
444,0.0005902834518237033,1.7839193157216892e-05,0.11504821708903346,0.00528407839120266
445,0.0006893237785901044,1.869147210674767e-05,0.16427450100919488,0.0067706722066935565
446,0.0006751988258932352,1.6182949511914402e-05,0.15801108512478768,0.006392505667145049
447,0.0005311695998377725,1.4252752218330127e-05,0.09044308461218079,0.0043567073377266405
448,0.0005703338685130042,1.4547250983355965e-05,0.10441162336206063,0.003803443761285146
449,0.0006885920934553428,1.7217376654142945e-05,0.16190369397366478,0.005365528045137393
450,0.0006196006365701242,1.4265449481919705e-05,0.12845609201294325,0.00421590536758183
451,0.0005340696467577066,1.2418138480672391e-05,0.09077948290776272,0.0026669887403406745
452,0.0006630561268603384,1.571878540870653e-05,0.14758273796174676,0.004254165553797397
453,0.0007782978347569716,2.0148161695159396e-05,0.2106814468330502,0.006865755102625833
454,0.000693254305110111,1.7240369501449783e-05,0.16512350623137795,0.00592593464624294
455,0.000659736307816302,1.7320248155196235e-05,0.1484798000832987,0.005430453780460704
456,0.0008110657051502381,2.3160111340424228e-05,0.230785249735687,0.008420126082598864
457,0.0008784525960563471,2.7168629498440097e-05,0.2750296350879441,0.012255738910454532
458,0.0008081818871420232,2.0058102169029022e-05,0.23048088937301767,0.008644920700357585
459,0.0008253414347773517,2.3732078929918325e-05,0.2422067728190177,0.009724683128904118
460,0.0006910032563347725,1.9428520948796333e-05,0.16586037868836703,0.0062408115230589934
461,0.0007124418375454382,2.035782282061264e-05,0.1811424726876622,0.007572539315969712
462,0.0006588552914915472,1.8101679968785303e-05,0.15064236055489696,0.005953330345011211
463,0.0005756303772081155,1.6339323274611108e-05,0.11203665139525196,0.004976297079076413
464,0.0005117887211723287,1.2578539986466366e-05,0.08450004805689933,0.0033134513505825107
465,0.0005375182718230088,1.174888232413814e-05,0.09454394002498956,0.002923057340802099
466,0.0004942602904181528,9.516046417877661e-06,0.07605805273443754,0.0022204814647413394
467,0.0005693293939927539,1.526036310380438e-05,0.10966584435972185,0.0048654406345934875
468,0.000706348648784078,1.5105206034719922e-05,0.1753436068304873,0.006155772909638497
469,0.0007717154329775197,1.605564762913853e-05,0.2101688399064491,0.006821673098537812
470,0.0008304705786168601,1.8766121744373913e-05,0.24324800563867613,0.008287641074557666
471,0.0009221407350061471,2.245183528662009e-05,0.3038317367763433,0.010765549820124362
472,0.0010353703375926854,2.589894907637107e-05,0.38541633293819894,0.01292477017224896
473,0.0009783241492475343,2.4701806962841702e-05,0.34170057347899907,0.011661985078360866
474,0.0008649243094723583,2.164841104326903e-05,0.2651138948515042,0.008712448672355062
475,0.0009881398963428078,2.43440218556717e-05,0.3506231377951495,0.0114232284504646
476,0.0010749507268698823,2.6513544768163134e-05,0.4130810880082016,0.012529103078748207
477,0.0009692284993084136,2.2821640064982448e-05,0.3342837920097396,0.009694727084322063
478,0.0009469617023376145,2.1553959843728016e-05,0.31744785826418487,0.00892405424642224
479,0.0011251628570847754,2.5454466377444273e-05,0.44314868804664737,0.01162570903502304
480,0.0011715697339776034,2.4324519122982058e-05,0.47038093102233025,0.01113500777636353
481,0.0010085922223785362,2.1394318215604026e-05,0.35860058309037907,0.008331691188554424
482,0.0010333445484896704,2.2944016430772083e-05,0.37713452728029984,0.009282161665450943
483,0.001078718475672057,2.383946477500718e-05,0.40965302918655666,0.010042381365027673
484,0.0008907309499441855,1.9690568659756995e-05,0.2772082145259987,0.007040426371130121
485,0.0008402783003634293,1.993530627779803e-05,0.2498638387851216,0.007724652060589714
486,0.0007611217749900505,1.7343895212738706e-05,0.20255983083971418,0.006189090997934787
487,0.0007205066509486186,1.4402009473963276e-05,0.18024541056611018,0.005262732048671999
488,0.0007028668509389714,1.3486572451963624e-05,0.17109858071957199,0.005101883083091792
489,0.0006994078862884516,1.1780007046675061e-05,0.16986512030243803,0.0048534413678022114
490,0.0007332960517373636,1.3361785198425618e-05,0.19009707493672506,0.008281871413550074
491,0.0008340997421931409,1.7009345922304574e-05,0.24694838689007792,0.009468486330291489
492,0.0010920463542618448,2.2201474941507305e-05,0.4148591932848493,0.015467482636395826
493,0.0012787978975958994,3.914580259434659e-05,0.5121263576074072,0.019730614444270538
494,0.001584800319524643,7.218334173513529e-05,0.5831384359081156,0.025744739018248163
495,0.0014849757142969078,3.510483398349814e-05,0.6255086021849872,0.01633593991683077
496,0.0012838895333717438,2.864993706144978e-05,0.5339922468202354,0.014099797454559922
497,0.0012517434279420037,2.8467949123749236e-05,0.5210649408900134,0.01281348750291617
498,0.0011064960132547669,2.3905703923373935e-05,0.43227180982283014,0.011167429063731462
499,0.0009183453763909371,1.8302102937535606e-05,0.29511741902412464,0.007745324432491306
500,0.0008958865261823579,1.7475249374800142e-05,0.28161343030147695,0.008250072546289457
501,0.0008892527693751651,1.7410775204900588e-05,0.2769198731297856,0.008550676947435101
502,0.0009725728955206454,1.7308159946015106e-05,0.3358696696889115,0.010062719813380975
503,0.0010685070417109528,1.8761483764499822e-05,0.4044308461218082,0.013525286843817442
504,0.0009463104858380996,1.1962222882898193e-05,0.3087976163777913,0.007221621004466186
505,0.001149190465969067,1.9667506419666635e-05,0.45026110915323714,0.014423068357855805
506,0.0010548463425675363,1.534393882926313e-05,0.3773908307436006,0.007188967185407364
507,0.0012670770259572007,1.7949382094181267e-05,0.5222823823406912,0.008693161824909491
508,0.0013250703105427703,2.0846444026545282e-05,0.5516131099221477,0.01140926575382284
509,0.0012091893198779087,1.8146218950719736e-05,0.4845577163361419,0.009892890548155134
510,0.0012438049111873318,1.8198327499132838e-05,0.5065037003812514,0.008536034451384827
511,0.0014220272278948221,2.2323487503793003e-05,0.6026495370518695,0.010173117180131606
512,0.0014128064651409385,2.3709125063274945e-05,0.5953609073142602,0.011815161281065063
513,0.00137710523374915,2.2428338087651007e-05,0.5785730304680742,0.010145662705301674
514,0.001514619857269463,2.4743637882534703e-05,0.6494249191042196,0.00875623954666046
515,0.0015965587741133846,2.684539474439017e-05,0.683625412488386,0.009533629714405351
516,0.0015739969236504895,2.6110442700483882e-05,0.6727004773652002,0.010080015451342161
517,0.0016364789516462588,2.560370856350539e-05,0.702992342934034,0.00796554084711315
518,0.0017566977925242385,2.8951247885081623e-05,0.7501041232819662,0.007824840170715046
519,0.001819899426412108,2.938694979876328e-05,0.7700317175535832,0.008434825791644259
520,0.0018590143601623598,2.7310974592790847e-05,0.7847050908275399,0.007351815606989464
521,0.001947490247112696,2.9743012856617527e-05,0.8137795149456958,0.006457670819325045
522,0.0018735541012136255,2.6634513107266016e-05,0.7925383654246627,0.005857890216858165
523,0.0019351197372972225,2.6352132800867397e-05,0.8108320251177394,0.005755621558230851
524,0.001903764060872482,2.6136930530505987e-05,0.8023099349629965,0.005316559583372819
525,0.0016995048354141824,2.353444594258109e-05,0.7309934962996192,0.0058330974282018696
526,0.001568250466375376,2.389659076331722e-05,0.6774901483356293,0.006774183346664401
527,0.0014122717912269942,2.149944502597446e-05,0.6037067888379845,0.006969247072898121
528,0.0012618831333863865,2.1287908442826303e-05,0.5170762182423988,0.007969113011215218
529,0.0011874174671495465,2.009093059449915e-05,0.47110178451286333,0.008143006478077726
530,0.0010444360121276372,1.9420992612641784e-05,0.3673469387755103,0.008631090216050068
531,0.001071726933144058,2.199659810925677e-05,0.38751481754397205,0.010022682127133649
532,0.0011846904861219846,2.428406370297204e-05,0.4677057636241309,0.010726405944906758
533,0.001103152112883259,2.645069905176873e-05,0.4052798513439911,0.013197831936156328
534,0.0010684009175396167,2.0564905684256973e-05,0.3934578540992536,0.011146297733043707
535,0.0011601008175997725,2.6610311116122872e-05,0.45455419216352183,0.016778759422205854
536,0.0012162340311334266,4.028378003463316e-05,0.46978822926344804,0.023759966719586603
537,0.001200983544991944,2.4836846896033466e-05,0.4803287091916828,0.014912827835625532
538,0.0012116013607729363,2.0197863294819772e-05,0.49207061160413923,0.008647494164282758
539,0.0011760247723908014,1.9760711295198113e-05,0.4653189376221445,0.007935253375566071
540,0.0011397391028501924,1.84794510932585e-05,0.4365969307660269,0.007232610562222201
541,0.0012547873755152838,2.0036880339044002e-05,0.5152019991670136,0.006857353055072306
542,0.0013633501257124718,2.031569881554704e-05,0.5794861115560823,0.007055449065960731
543,0.0013866247579207792,2.1038038150453446e-05,0.588777112100727,0.008174155228698118
544,0.0014044609062570117,2.1842288717319074e-05,0.598004036779547,0.0074194896294426755
545,0.0015248046159981046,2.2041433399532128e-05,0.6593406593406592,0.006906987096865003
546,0.0016277550336516965,2.367478395178317e-05,0.702607887739083,0.007658688915325853
547,0.0016457727502045712,2.534431319306502e-05,0.707910165636113,0.00837894308331224
548,0.001743781617003412,2.6315650565624176e-05,0.7461794765001761,0.007590506115814991
549,0.0018603761061487625,2.7475397652529967e-05,0.7855380770832665,0.007726192173780799
550,0.0019602356228643003,3.115063631413706e-05,0.8054336334219722,0.00792510508698022
551,0.0020242024290439767,3.351025557034282e-05,0.8191939256079196,0.0076271841564428036
552,0.0021156136978537237,3.312589024363091e-05,0.8401627526991956,0.007008554428513139
553,0.0020090181412015843,3.0077912235238293e-05,0.8207798032870919,0.007087847106137732
554,0.001995598726351946,3.0453773267481962e-05,0.8179124082914174,0.00767179357108838
555,0.0020111424728070783,4.324022487370658e-05,0.7983692692147504,0.009088288459378072
556,0.002080861983787519,4.7613828181131116e-05,0.8088777112100725,0.008566501672844366
557,0.001886048671320217,3.521304817669859e-05,0.781853714798321,0.00956544339647209
558,0.0018370360937190705,3.155321953563004e-05,0.7748854643898377,0.008291958206987556
559,0.00164375642525404,2.656644728919377e-05,0.7069330086822802,0.007354011124425775
560,0.0014880489079590975,2.5406452904890156e-05,0.6394611219684107,0.008585942535810263
561,0.001406097663549369,2.5147315242582237e-05,0.5987409092365359,0.009164902918738017
562,0.0012669166069623023,2.3072534831111214e-05,0.5167077820139047,0.009589227406046497
563,0.00114421788838,2.084198942845276e-05,0.4403453689167973,0.008952505942144055
564,0.0010667713820820737,1.9331278808382236e-05,0.39240060231313856,0.008718661683310121
565,0.0009738151919034143,1.7711478603192285e-05,0.32994265210008644,0.008324875332134411
566,0.0008969456479950338,1.9321252501511684e-05,0.2777688783519687,0.010474134054667518
567,0.001006712310902336,1.9399507024268573e-05,0.33976227853778884,0.009080758532224228
568,0.0011245290083415377,2.1960724752063092e-05,0.41793483484445565,0.009891776280359841
569,0.0012126507915365555,2.1849963367516264e-05,0.48899497004453263,0.009915819885262184
570,0.0011835399332081878,2.018715208618387e-05,0.4633325857815653,0.007701237221597735
571,0.001265941107114613,2.45510878653705e-05,0.5077211418319291,0.009883274198699929
572,0.0013621231350276304,2.7999629586545205e-05,0.5666228814916862,0.010648466493849493
573,0.0013547235939363692,2.5659323202646564e-05,0.5677281901771698,0.009255765657041932
574,0.001402371105955915,2.7227697762759063e-05,0.5925575881844104,0.00931021387209874
575,0.0015249526938893308,3.1537063518222515e-05,0.6496972415339765,0.009849408433466924
576,0.0015853388016831905,2.973222064861532e-05,0.6797007657065968,0.008628356221716378
577,0.0016046175210134084,3.0008962717561864e-05,0.6892801076474548,0.0081442276747337
578,0.0016957110340615126,3.487498537387795e-05,0.7228238234069136,0.008810127023523013
579,0.0018137776583255576,4.031572057945317e-05,0.7617659308621406,0.009053027083266397
580,0.0019195778795549835,3.944101130995541e-05,0.7978086053887806,0.007964886146482884
581,0.0021669325518134525,4.48032620229365e-05,0.8558293018934418,0.006925794996265119
582,0.002041310270463583,3.521004329792317e-05,0.8342677730432835,0.005987681671166059
583,0.0018975995934903949,3.370258265041155e-05,0.7953897414538814,0.006869313106950191
584,0.0018098153451049362,2.7190634558080867e-05,0.7718738986960558,0.0054653537623960535
585,0.0018376220917233589,2.6385532188545778e-05,0.7827667958863292,0.004962534587370003
586,0.0016315667706010908,2.4610806597957727e-05,0.7036170826258284,0.005561146470367998
587,0.0014564472891246494,2.3256239995429494e-05,0.62454746419761,0.00636437029421632
588,0.0013255880531846131,2.0866616235128443e-05,0.5529907410373881,0.007196539573788366
589,0.0011808887089449754,2.034648516700407e-05,0.4588953320731746,0.00818266270739764
590,0.0010985458419076185,1.910501316246473e-05,0.40564828757248583,0.008818089495816635
591,0.0009206506822505774,1.8620807681477893e-05,0.28068433024701234,0.009534060061808451
592,0.0009106635532956582,1.9639481225977147e-05,0.2762150386057093,0.010595506513597757
593,0.0008753833662880256,1.960695553822784e-05,0.2577291513151573,0.010262200235744097
594,0.0010413259351867515,2.0128781307381454e-05,0.3603146125012014,0.009788020794683447
595,0.0011269023901661667,2.0207061520317542e-05,0.42051388844391746,0.009019093201111565
596,0.0010954948003491108,2.027588993644439e-05,0.39534809214109506,0.008965777984777708
597,0.0011504981322660794,2.1097290128140704e-05,0.43268830295069377,0.00920576954382006
598,0.001251650155859846,2.3325605657695872e-05,0.49841412232082793,0.009302470961515232
599,0.0012929242795535283,2.488890950951507e-05,0.523163425495787,0.009711962329191744
600,0.001322427662269582,2.6319846914563375e-05,0.5398551885432351,0.010576974185907854
601,0.0014121839721300965,2.7492049429084476e-05,0.5961137987377053,0.009407810182243384
602,0.0015225881821664933,2.800814401476371e-05,0.6530932624227084,0.007722535703309813
603,0.0015780345533909653,3.091618029336358e-05,0.6756479671931569,0.008296876558001341
604,0.001613127735454712,3.195286776601273e-05,0.6902092077019192,0.00869089550863639
605,0.0017227280691687516,3.366990067846342e-05,0.7347419344503898,0.008227698735343934
606,0.0018130088806232601,3.489543974066093e-05,0.7690225226668377,0.007561581888646971
607,0.0017864377373196566,3.0181813806308256e-05,0.76263095505078,0.006248392661526375
608,0.0017649588425116029,2.9814524138515077e-05,0.7548777752859387,0.0062161557536912155
609,0.0016334780861535058,2.6749746035825833e-05,0.7048825809758756,0.00574421365132189
610,0.0016785003460889226,2.6762151092008847e-05,0.7228878992727389,0.005816649731159889
611,0.0018548324804021166,2.909370418601518e-05,0.7881651875820972,0.005403742431554624
612,0.0018544720902063036,2.974081533739883e-05,0.78707589786307,0.00561620384770329
613,0.001713454913252723,2.6390145851933375e-05,0.7374971966808702,0.005374825174072375
614,0.0015931525025473557,2.5022535701593333e-05,0.6883830455259025,0.00584570596870543
615,0.0013906544757252624,2.309001656411965e-05,0.5892576810944157,0.006705186348672793
616,0.0012840320999938715,2.1604376840348794e-05,0.5256463652965114,0.008222762931752442
617,0.0011186810546210497,2.049697085545476e-05,0.413769903565822,0.009869545972903978
618,0.0010213609726693563,1.822389529327924e-05,0.3498862653381603,0.009536446806456862
619,0.000879636939461323,1.663794463066115e-05,0.26118924806971455,0.00926801558426529
620,0.0008996013896340724,1.831037447877363e-05,0.27301124531445226,0.01075356849297228
621,0.0007638967150929392,1.7659293224276618e-05,0.1993880754813699,0.010447186266164287
622,0.0008252139581927804,1.7438334575180733e-05,0.23328420850286744,0.009622481132726764
623,0.0009587138022452836,1.834842026229579e-05,0.30791657322269567,0.009559574642423779
624,0.0010246505882618427,2.0120073106803604e-05,0.3458334668247205,0.010458121425846269
625,0.0011899648486224889,2.3187469347130324e-05,0.45335276967930005,0.010574392776950117
626,0.0011746899353339683,2.3030990352469477e-05,0.44257200525422097,0.01046807856649169
627,0.00118294568422372,2.264583513245836e-05,0.44933200909877286,0.009511366008825918
628,0.0013582316565387696,2.580394132087434e-05,0.5682888540031398,0.00834758675963713
629,0.0014186278476445104,2.6586791780269295e-05,0.6030820491461893,0.0078882519220216
630,0.0013004598836815868,2.494347236821344e-05,0.528417646493448,0.009240505467120554
631,0.00122443700593609,2.2480767610993454e-05,0.48029667125877046,0.009443060782998912
632,0.001289548386064075,2.2753705557983726e-05,0.5258065549610739,0.009826432067488473
633,0.0011452829810227145,2.1207675276922896e-05,0.4302854579822509,0.010710397252901726
634,0.0011330478315911222,2.003955847658729e-05,0.42868356133662266,0.010975400969112745
635,0.0010096661204120523,1.7675976701498307e-05,0.3469067375772917,0.010051549084609672
636,0.0010518662480952538,3.152398075845949e-05,0.38029026367218777,0.01836961594264389
637,0.001014729840889832,3.3339584121238073e-05,0.35610162432319853,0.018307965031107938
638,0.0007789379604343362,2.463367545683999e-05,0.2131643866337745,0.011690874190290617
639,0.0007901147932958703,2.127890937092876e-05,0.2192195559542497,0.010146217996909547
640,0.0007474090343110397,1.1233275213231755e-05,0.19424598724890257,0.007509982370951434
641,0.0007188337448680867,1.521034602940893e-05,0.17805081216159926,0.007493691608318443
642,0.0006493153950226758,1.6174177806309133e-05,0.14220036523243518,0.006488961048002633
643,0.0006967023253550891,1.1452277804849704e-05,0.16666132701118117,0.005476625659538364
644,0.0007162806738200933,1.2521129537842015e-05,0.1790439880818889,0.0071829787072655036
645,0.0006755524453416593,1.2494738629531563e-05,0.15703392817095438,0.005289076331289421
646,0.0006262194659367177,1.4897697413982965e-05,0.1350559061929324,0.005627122407122165
647,0.0007311858390433867,1.696056804415094e-05,0.19101015602473315,0.008126097118784653
648,0.000770853425357608,1.6350302630289404e-05,0.21044116233620602,0.0077673771631040535
649,0.0007196469262646362,1.808522835885534e-05,0.18264825553455286,0.007440596003944132
650,0.0007684524909175914,2.044070476729579e-05,0.21425367635280163,0.009402904681265195
651,0.0008767349443350725,2.2617349020939832e-05,0.2794989267292475,0.011885503629619437
652,0.0009081458673211881,2.3133026929456834e-05,0.29827315541601246,0.011459431141532785
653,0.0008876853497860999,2.4007374959230954e-05,0.28641912023836213,0.011841534032549133
654,0.0009610736944996019,2.7584691653944776e-05,0.3385608560535675,0.015191609264490308
655,0.0010822625900458118,2.799906064796884e-05,0.41168743792650503,0.016344101749086185
656,0.0010911625099079198,2.6637636594648292e-05,0.412488386249319,0.014730370074475883
657,0.0011002691184461013,2.4210560360423048e-05,0.41769455034761155,0.013706828859236238
658,0.001149302178745677,2.472660767989509e-05,0.44532726748470186,0.0132802101289953
659,0.0011932465728644415,2.3633452616345078e-05,0.4709255758818442,0.01289851582345142
660,0.0010919893814072357,2.1115765989705865e-05,0.40763463941306527,0.01131712311590494
661,0.0010803446523410087,1.9954883121078035e-05,0.39935283375516606,0.011232146748726727
662,0.0010946952001372127,2.0106444709014293e-05,0.4092365360586933,0.011428099276237693
663,0.0012122437931977397,2.183316196442677e-05,0.49086918911991784,0.014552691221511878
664,0.0013411279817074466,3.5183603582369095e-05,0.5425143369749783,0.02016081468121003
665,0.0014827318552142607,5.515946627694482e-05,0.573495018101432,0.024798464659335582
666,0.0012667435193663883,2.2641261004850564e-05,0.5162272130202157,0.014744326984481271
667,0.0012390304764141374,2.3522984256617333e-05,0.49982379136898075,0.015726440323310664
668,0.001258086839734827,2.2594330682540985e-05,0.508906545349694,0.014279858544718058
669,0.001301639509362099,2.39008981353378e-05,0.5329670329670328,0.013314325112320842
670,0.0012718562092005727,2.267842343235273e-05,0.5157786819594399,0.011960682637833633
671,0.0014104214514066066,2.513023616859579e-05,0.5939352192996509,0.010639757377641256
672,0.0014371523135775827,2.4854120453443406e-05,0.6108512478774869,0.008809194605745831
673,0.0015044102324566944,2.5605882320693175e-05,0.6458206516515553,0.007145816970813299
674,0.0014500981357193983,2.451982464481423e-05,0.6199340018582004,0.00711428974053864
675,0.0015568319349823622,2.5396570381957993e-05,0.669752987537244,0.007074542983346056
676,0.0017667004855153345,2.795052383269931e-05,0.7552622304808893,0.006445640550766577
677,0.0019192147643269698,2.8284937898515287e-05,0.8063787524428921,0.006194148122490257
678,0.0019703694033013103,2.8358340297041307e-05,0.8220613206035948,0.00540239416139776
679,0.0021455539216558525,3.006592603388794e-05,0.8589369813859612,0.004971889679746249
680,0.002179766550417874,3.064919223938523e-05,0.8620606798449363,0.005375183230471038
681,0.0021137917452044063,3.607781203071288e-05,0.848668823887483,0.006361299906919309
682,0.0025502330423899607,5.237125415659623e-05,0.8856245795021308,0.007532740015525482
683,0.003704241961453202,0.0001582555652483925,0.9339057444013714,0.007394448922556183
684,0.004170562364694141,0.0001942467636467737,0.9486912504405218,0.0074538255129757555
685,0.0049380001066710736,0.00019135933051749672,0.9730240604876174,0.00485060899466614
